id,title,author,year,genre,cover_url,cover_filename,license,source
/works/OL15437W,Lilith,George MacDonald,1895,fantasy,https://covers.openlibrary.org/b/id/14364546-L.jpg,book_covers/_works_OL15437W_14364546.jpg,public-domain/unknown,openlibrary
/works/OL262384W,The Sea Fairies,L. Frank Baum,1911,fantasy,https://covers.openlibrary.org/b/id/1814237-L.jpg,book_covers/_works_OL262384W_1814237.jpg,public-domain/unknown,openlibrary
/works/OL99539W,The Phoenix and the Carpet,Edith Nesbit,1903,fantasy,https://covers.openlibrary.org/b/id/902122-L.jpg,book_covers/_works_OL99539W_902122.jpg,public-domain/unknown,openlibrary
/works/OL99541W,The Enchanted Castle,Edith Nesbit,1907,fantasy,https://covers.openlibrary.org/b/id/6644514-L.jpg,book_covers/_works_OL99541W_6644514.jpg,public-domain/unknown,openlibrary
/works/OL462007W,Peter Pan,J. M. Barrie,1911,fantasy,https://covers.openlibrary.org/b/id/8237052-L.jpg,book_covers/_works_OL462007W_8237052.jpg,public-domain/unknown,openlibrary
/works/OL85892W,Dracula,Bram Stoker,1897,fantasy,https://covers.openlibrary.org/b/id/12216503-L.jpg,book_covers/_works_OL85892W_12216503.jpg,public-domain/unknown,openlibrary
/works/OL15450W,Phantastes,George MacDonald,1850,fantasy,https://covers.openlibrary.org/b/id/14358814-L.jpg,book_covers/_works_OL15450W_14358814.jpg,public-domain/unknown,openlibrary
/works/OL2895536W,Carmilla,Sheridan Le Fanu,1871,fantasy,https://covers.openlibrary.org/b/id/973851-L.jpg,book_covers/_works_OL2895536W_973851.jpg,public-domain/unknown,openlibrary
/works/OL3388961W,The Great God Pan,Arthur Machen,1894,fantasy,https://covers.openlibrary.org/b/id/921610-L.jpg,book_covers/_works_OL3388961W_921610.jpg,public-domain/unknown,openlibrary
/works/OL99529W,The Book of Dragons,Edith Nesbit,1973,fantasy,https://covers.openlibrary.org/b/id/4342323-L.jpg,book_covers/_works_OL99529W_4342323.jpg,public-domain/unknown,openlibrary
/works/OL6583284W,The princess and the goblin,George MacDonald,1907,fantasy,https://covers.openlibrary.org/b/id/13192917-L.jpg,book_covers/_works_OL6583284W_13192917.jpg,public-domain/unknown,openlibrary
/works/OL138052W,Alice's Adventures in Wonderland,Lewis Carroll,1865,fantasy,https://covers.openlibrary.org/b/id/10527843-L.jpg,book_covers/_works_OL138052W_10527843.jpg,public-domain/unknown,openlibrary
/works/OL65430W,The Awakening,Kate Chopin,1899,fantasy,https://covers.openlibrary.org/b/id/8750241-L.jpg,book_covers/_works_OL65430W_8750241.jpg,public-domain/unknown,openlibrary
/works/OL8127201W,The King in Yellow,Robert W. Chambers,1895,fantasy,https://covers.openlibrary.org/b/id/4752788-L.jpg,book_covers/_works_OL8127201W_4752788.jpg,public-domain/unknown,openlibrary
/works/OL85891W,The Jewel of Seven Stars,Bram Stoker,1902,fantasy,https://covers.openlibrary.org/b/id/2760301-L.jpg,book_covers/_works_OL85891W_2760301.jpg,public-domain/unknown,openlibrary
/works/OL81294W,Women in Love,D. H. Lawrence,1877,fantasy,https://covers.openlibrary.org/b/id/13140934-L.jpg,book_covers/_works_OL81294W_13140934.jpg,public-domain/unknown,openlibrary
/works/OL27482W,The Hobbit,J.R.R. Tolkien,1937,fantasy,https://covers.openlibrary.org/b/id/14627509-L.jpg,book_covers/_works_OL27482W_14627509.jpg,public-domain/unknown,openlibrary
/works/OL76487W,The Man Who Was Thursday,Gilbert Keith Chesterton,1908,fantasy,https://covers.openlibrary.org/b/id/8242857-L.jpg,book_covers/_works_OL76487W_8242857.jpg,public-domain/unknown,openlibrary
/works/OL16249171W,Hans Andersen's Fairy Tales,Hans Christian Andersen,1846,fantasy,https://covers.openlibrary.org/b/id/320591-L.jpg,book_covers/_works_OL16249171W_320591.jpg,public-domain/unknown,openlibrary
/works/OL1168007W,Animal Farm,George Orwell,1945,fantasy,https://covers.openlibrary.org/b/id/11261770-L.jpg,book_covers/_works_OL1168007W_11261770.jpg,public-domain/unknown,openlibrary
/works/OL77744W,Anne of Avonlea,Lucy Maud Montgomery,1909,fantasy,https://covers.openlibrary.org/b/id/14638062-L.jpg,book_covers/_works_OL77744W_14638062.jpg,public-domain/unknown,openlibrary
/works/OL52266W,The Invisible Man,H. G. Wells,0,fantasy,https://covers.openlibrary.org/b/id/6419199-L.jpg,book_covers/_works_OL52266W_6419199.jpg,public-domain/unknown,openlibrary
/works/OL28988W,Northern Lights,Philip Pullman,1995,fantasy,https://covers.openlibrary.org/b/id/8747028-L.jpg,book_covers/_works_OL28988W_8747028.jpg,public-domain/unknown,openlibrary
/works/OL24034W,Treasure Island,Robert Louis Stevenson,1880,fantasy,https://covers.openlibrary.org/b/id/13859660-L.jpg,book_covers/_works_OL24034W_13859660.jpg,public-domain/unknown,openlibrary
/works/OL27479W,The Two Towers,J.R.R. Tolkien,1954,fantasy,https://covers.openlibrary.org/b/id/14627564-L.jpg,book_covers/_works_OL27479W_14627564.jpg,public-domain/unknown,openlibrary
/works/OL27513W,The Fellowship of the Ring,J.R.R. Tolkien,1954,fantasy,https://covers.openlibrary.org/b/id/14627060-L.jpg,book_covers/_works_OL27513W_14627060.jpg,public-domain/unknown,openlibrary
/works/OL99499W,Five Children and It,Edith Nesbit,1905,fantasy,https://covers.openlibrary.org/b/id/28174-L.jpg,book_covers/_works_OL99499W_28174.jpg,public-domain/unknown,openlibrary
/works/OL28993W,The Subtle Knife,Philip Pullman,1997,fantasy,https://covers.openlibrary.org/b/id/12614549-L.jpg,book_covers/_works_OL28993W_12614549.jpg,public-domain/unknown,openlibrary
/works/OL18412W,Dorothy and the Wizard in Oz,L. Frank Baum,1908,fantasy,https://covers.openlibrary.org/b/id/12648659-L.jpg,book_covers/_works_OL18412W_12648659.jpg,public-domain/unknown,openlibrary
/works/OL27455W,The Return of the King,J.R.R. Tolkien,1950,fantasy,https://covers.openlibrary.org/b/id/14627062-L.jpg,book_covers/_works_OL27455W_14627062.jpg,public-domain/unknown,openlibrary
/works/OL27495W,The Silmarillion,J.R.R. Tolkien,1977,fantasy,https://covers.openlibrary.org/b/id/14627042-L.jpg,book_covers/_works_OL27495W_14627042.jpg,public-domain/unknown,openlibrary
/works/OL71124W,The Last Battle,C.S. Lewis,1956,fantasy,https://covers.openlibrary.org/b/id/6529226-L.jpg,book_covers/_works_OL71124W_6529226.jpg,public-domain/unknown,openlibrary
/works/OL71037W,"The Lion, the Witch and the Wardrobe",C.S. Lewis,1950,fantasy,https://covers.openlibrary.org/b/id/8441376-L.jpg,book_covers/_works_OL71037W_8441376.jpg,public-domain/unknown,openlibrary
/works/OL52267W,The Time Machine,H. G. Wells,1895,fantasy,https://covers.openlibrary.org/b/id/9009316-L.jpg,book_covers/_works_OL52267W_9009316.jpg,public-domain/unknown,openlibrary
/works/OL52114W,The War of the Worlds,H. G. Wells,0,fantasy,https://covers.openlibrary.org/b/id/36314-L.jpg,book_covers/_works_OL52114W_36314.jpg,public-domain/unknown,openlibrary
/works/OL18415W,Ozma of Oz,L. Frank Baum,1907,fantasy,https://covers.openlibrary.org/b/id/12648657-L.jpg,book_covers/_works_OL18415W_12648657.jpg,public-domain/unknown,openlibrary
/works/OL71069W,Prince Caspian,C.S. Lewis,1951,fantasy,https://covers.openlibrary.org/b/id/45897-L.jpg,book_covers/_works_OL71069W_45897.jpg,public-domain/unknown,openlibrary
/works/OL53908W,Adventures of Huckleberry Finn,Mark Twain,1876,fantasy,https://covers.openlibrary.org/b/id/8157718-L.jpg,book_covers/_works_OL53908W_8157718.jpg,public-domain/unknown,openlibrary
/works/OL675783W,The Handmaid's Tale,Margaret Atwood,1985,fantasy,https://covers.openlibrary.org/b/id/8231851-L.jpg,book_covers/_works_OL675783W_8231851.jpg,public-domain/unknown,openlibrary
/works/OL71078W,The Silver Chair,C.S. Lewis,1953,fantasy,https://covers.openlibrary.org/b/id/6950992-L.jpg,book_covers/_works_OL71078W_6950992.jpg,public-domain/unknown,openlibrary
/works/OL2288676W,Brood of the Witch-Queen,Sax Rohmer,1924,fantasy,https://covers.openlibrary.org/b/id/2011286-L.jpg,book_covers/_works_OL2288676W_2011286.jpg,public-domain/unknown,openlibrary
/works/OL472715W,The Mysterious Affair at Styles,Agatha Christie,1920,fantasy,https://covers.openlibrary.org/b/id/13699667-L.jpg,book_covers/_works_OL472715W_13699667.jpg,public-domain/unknown,openlibrary
/works/OL27448W,The Lord of the Rings,J.R.R. Tolkien,1954,fantasy,https://covers.openlibrary.org/b/id/14625765-L.jpg,book_covers/_works_OL27448W_14625765.jpg,public-domain/unknown,openlibrary
/works/OL8193416W,The Picture of Dorian Gray,Oscar Wilde,1890,fantasy,https://covers.openlibrary.org/b/id/14314858-L.jpg,book_covers/_works_OL8193416W_14314858.jpg,public-domain/unknown,openlibrary
/works/OL71058W,The Horse and His Boy,C.S. Lewis,1954,fantasy,https://covers.openlibrary.org/b/id/9184792-L.jpg,book_covers/_works_OL71058W_9184792.jpg,public-domain/unknown,openlibrary
/works/OL71132W,The Voyage of the Dawn Treader,C.S. Lewis,1952,fantasy,https://covers.openlibrary.org/b/id/9184719-L.jpg,book_covers/_works_OL71132W_9184719.jpg,public-domain/unknown,openlibrary
/works/OL262460W,The Lost World,Arthur Conan Doyle,1900,fantasy,https://covers.openlibrary.org/b/id/8231444-L.jpg,book_covers/_works_OL262460W_8231444.jpg,public-domain/unknown,openlibrary
/works/OL54031W,A Connecticut Yankee in King Arthur's Court,Mark Twain,1889,fantasy,https://covers.openlibrary.org/b/id/9168732-L.jpg,book_covers/_works_OL54031W_9168732.jpg,public-domain/unknown,openlibrary
/works/OL71042W,The Magician's Nephew,C.S. Lewis,1955,fantasy,https://covers.openlibrary.org/b/id/1072931-L.jpg,book_covers/_works_OL71042W_1072931.jpg,public-domain/unknown,openlibrary
/works/OL18417W,The Wonderful Wizard of Oz,L. Frank Baum,1899,fantasy,https://covers.openlibrary.org/b/id/552443-L.jpg,book_covers/_works_OL18417W_552443.jpg,public-domain/unknown,openlibrary
/works/OL118388W,Flatland,Edwin Abbott Abbott,1884,romance,https://covers.openlibrary.org/b/id/10069547-L.jpg,book_covers/_works_OL118388W_10069547.jpg,public-domain/unknown,openlibrary
/works/OL455512W,The Blithedale Romance,Nathaniel Hawthorne,1852,romance,https://covers.openlibrary.org/b/id/8245179-L.jpg,book_covers/_works_OL455512W_8245179.jpg,public-domain/unknown,openlibrary
/works/OL1066524W,Pygmalion,George Bernard Shaw,1912,romance,https://covers.openlibrary.org/b/id/9267223-L.jpg,book_covers/_works_OL1066524W_9267223.jpg,public-domain/unknown,openlibrary
/works/OL863808W,Ivanhoe,Sir Walter Scott,1800,romance,https://covers.openlibrary.org/b/id/314235-L.jpg,book_covers/_works_OL863808W_314235.jpg,public-domain/unknown,openlibrary
/works/OL176092W,The Moonstone,Wilkie Collins,1868,romance,https://covers.openlibrary.org/b/id/8237041-L.jpg,book_covers/_works_OL176092W_8237041.jpg,public-domain/unknown,openlibrary
/works/OL468485W,Tender is the Night,F. Scott Fitzgerald,1933,romance,https://covers.openlibrary.org/b/id/6984433-L.jpg,book_covers/_works_OL468485W_6984433.jpg,public-domain/unknown,openlibrary
/works/OL36371W,Le roman du masque de fer,Alexandre Dumas,1600,romance,https://covers.openlibrary.org/b/id/2132494-L.jpg,book_covers/_works_OL36371W_2132494.jpg,public-domain/unknown,openlibrary
/works/OL77775W,The blue castle,Lucy Maud Montgomery,1926,romance,https://covers.openlibrary.org/b/id/14640067-L.jpg,book_covers/_works_OL77775W_14640067.jpg,public-domain/unknown,openlibrary
/works/OL455305W,The Scarlet Letter,Nathaniel Hawthorne,1850,romance,https://covers.openlibrary.org/b/id/5654516-L.jpg,book_covers/_works_OL455305W_5654516.jpg,public-domain/unknown,openlibrary
/works/OL77559W,Age of fable,Thomas Bulfinch,1800,romance,https://covers.openlibrary.org/b/id/419378-L.jpg,book_covers/_works_OL77559W_419378.jpg,public-domain/unknown,openlibrary
/works/OL455663W,The House of the Seven Gables,Nathaniel Hawthorne,1851,romance,https://covers.openlibrary.org/b/id/8241487-L.jpg,book_covers/_works_OL455663W_8241487.jpg,public-domain/unknown,openlibrary
/works/OL1003017W,Memórias póstumas de Brás Cubas,Joaquim Maria Machado de Assis,1881,romance,https://covers.openlibrary.org/b/id/123152-L.jpg,book_covers/_works_OL1003017W_123152.jpg,public-domain/unknown,openlibrary
/works/OL66513W,Emma,Jane Austen,1815,romance,https://covers.openlibrary.org/b/id/9278312-L.jpg,book_covers/_works_OL66513W_9278312.jpg,public-domain/unknown,openlibrary
/works/OL15366912W,Utopia,Thomas More,1518,romance,https://covers.openlibrary.org/b/id/7222976-L.jpg,book_covers/_works_OL15366912W_7222976.jpg,public-domain/unknown,openlibrary
/works/OL36861W,Les Trois Mousquetaires,Alexandre Dumas,1844,romance,https://covers.openlibrary.org/b/id/11929973-L.jpg,book_covers/_works_OL36861W_11929973.jpg,public-domain/unknown,openlibrary
/works/OL76350W,Orthodoxy,Gilbert Keith Chesterton,1874,romance,https://covers.openlibrary.org/b/id/6268135-L.jpg,book_covers/_works_OL76350W_6268135.jpg,public-domain/unknown,openlibrary
/works/OL39360W,Orlando,Virginia Woolf,1928,romance,https://covers.openlibrary.org/b/id/3240273-L.jpg,book_covers/_works_OL39360W_3240273.jpg,public-domain/unknown,openlibrary
/works/OL66562W,Sense and Sensibility,Jane Austen,1811,romance,https://covers.openlibrary.org/b/id/9278292-L.jpg,book_covers/_works_OL66562W_9278292.jpg,public-domain/unknown,openlibrary
/works/OL66544W,Persuasion,Jane Austen,1789,romance,https://covers.openlibrary.org/b/id/12824691-L.jpg,book_covers/_works_OL66544W_12824691.jpg,public-domain/unknown,openlibrary
/works/OL468488W,This Side of Paradise,F. Scott Fitzgerald,1920,romance,https://covers.openlibrary.org/b/id/8243609-L.jpg,book_covers/_works_OL468488W_8243609.jpg,public-domain/unknown,openlibrary
/works/OL15450151W,Le Morte d'Arthur,Thomas Malory,1557,romance,https://covers.openlibrary.org/b/id/8231834-L.jpg,book_covers/_works_OL15450151W_8231834.jpg,public-domain/unknown,openlibrary
/works/OL14877871W,The Canterville Ghost,Oscar Wilde,1887,romance,https://covers.openlibrary.org/b/id/6960817-L.jpg,book_covers/_works_OL14877871W_6960817.jpg,public-domain/unknown,openlibrary
/works/OL2564006W,Genji monogatari,Murasaki Shikibu,1900,romance,https://covers.openlibrary.org/b/id/6614001-L.jpg,book_covers/_works_OL2564006W_6614001.jpg,public-domain/unknown,openlibrary
/works/OL17453W,She,H. Rider Haggard,1886,romance,https://covers.openlibrary.org/b/id/295537-L.jpg,book_covers/_works_OL17453W_295537.jpg,public-domain/unknown,openlibrary
/works/OL66534W,Northanger Abbey,Jane Austen,1818,romance,https://covers.openlibrary.org/b/id/12567961-L.jpg,book_covers/_works_OL66534W_12567961.jpg,public-domain/unknown,openlibrary
/works/OL66614W,Lady Susan,Jane Austen,1925,romance,https://covers.openlibrary.org/b/id/12641526-L.jpg,book_covers/_works_OL66614W_12641526.jpg,public-domain/unknown,openlibrary
/works/OL21177W,Wuthering Heights,Emily Brontë,1846,romance,https://covers.openlibrary.org/b/id/12818862-L.jpg,book_covers/_works_OL21177W_12818862.jpg,public-domain/unknown,openlibrary
/works/OL962240W,Justine,Marquis de Sade,1900,romance,https://covers.openlibrary.org/b/id/12975462-L.jpg,book_covers/_works_OL962240W_12975462.jpg,public-domain/unknown,openlibrary
/works/OL14868510W,Bleak House,Charles Dickens,1850,romance,https://covers.openlibrary.org/b/id/9279273-L.jpg,book_covers/_works_OL14868510W_9279273.jpg,public-domain/unknown,openlibrary
/works/OL872773W,Der Steppenwolf,Hermann Hesse,1927,romance,https://covers.openlibrary.org/b/id/3221083-L.jpg,book_covers/_works_OL872773W_3221083.jpg,public-domain/unknown,openlibrary
/works/OL36287W,Le Comte de Monte Cristo,Alexandre Dumas,1830,romance,https://covers.openlibrary.org/b/id/14566393-L.jpg,book_covers/_works_OL36287W_14566393.jpg,public-domain/unknown,openlibrary
/works/OL38684W,Lord Jim,Joseph Conrad,1900,romance,https://covers.openlibrary.org/b/id/8236295-L.jpg,book_covers/_works_OL38684W_8236295.jpg,public-domain/unknown,openlibrary
/works/OL98491W,The Age of Innocence,Edith Wharton,1920,romance,https://covers.openlibrary.org/b/id/11196262-L.jpg,book_covers/_works_OL98491W_11196262.jpg,public-domain/unknown,openlibrary
/works/OL893707W,Madame Bovary,Gustave Flaubert,1856,romance,https://covers.openlibrary.org/b/id/12993424-L.jpg,book_covers/_works_OL893707W_12993424.jpg,public-domain/unknown,openlibrary
/works/OL468431W,The Great Gatsby,F. Scott Fitzgerald,1920,romance,https://covers.openlibrary.org/b/id/10590366-L.jpg,book_covers/_works_OL468431W_10590366.jpg,public-domain/unknown,openlibrary
/works/OL1095397W,Shirley,Charlotte Brontë,1800,romance,https://covers.openlibrary.org/b/id/11024634-L.jpg,book_covers/_works_OL1095397W_11024634.jpg,public-domain/unknown,openlibrary
/works/OL362427W,Romeo and Juliet,William Shakespeare,1597,romance,https://covers.openlibrary.org/b/id/8257991-L.jpg,book_covers/_works_OL362427W_8257991.jpg,public-domain/unknown,openlibrary
/works/OL66554W,Pride and Prejudice,Jane Austen,1813,romance,https://covers.openlibrary.org/b/id/14348537-L.jpg,book_covers/_works_OL66554W_14348537.jpg,public-domain/unknown,openlibrary
/works/OL81180W,Lady Chatterley's Lover,D. H. Lawrence,1900,romance,https://covers.openlibrary.org/b/id/12983362-L.jpg,book_covers/_works_OL81180W_12983362.jpg,public-domain/unknown,openlibrary
/works/OL176045W,The Woman in White,Wilkie Collins,1860,romance,https://covers.openlibrary.org/b/id/4684227-L.jpg,book_covers/_works_OL176045W_4684227.jpg,public-domain/unknown,openlibrary
/works/OL8483260W,Diary of a Wimpy Kid,Jeff Kinney,2002,romance,https://covers.openlibrary.org/b/id/14376136-L.jpg,book_covers/_works_OL8483260W_14376136.jpg,public-domain/unknown,openlibrary
/works/OL29983W,Little Women,Louisa May Alcott,1848,romance,https://covers.openlibrary.org/b/id/8775559-L.jpg,book_covers/_works_OL29983W_8775559.jpg,public-domain/unknown,openlibrary
/works/OL8763776W,Pickwick Papers,Charles Dickens,1800,romance,https://covers.openlibrary.org/b/id/13130696-L.jpg,book_covers/_works_OL8763776W_13130696.jpg,public-domain/unknown,openlibrary
/works/OL1095427W,Jane Eyre,Charlotte Brontë,1847,romance,https://covers.openlibrary.org/b/id/8235363-L.jpg,book_covers/_works_OL1095427W_8235363.jpg,public-domain/unknown,openlibrary
/works/OL76835W,Deception Point,Dan Brown,2001,thriller,https://covers.openlibrary.org/b/id/14553479-L.jpg,book_covers/_works_OL76835W_14553479.jpg,public-domain/unknown,openlibrary
/works/OL76833W,Angels & Demons,Dan Brown,2000,thriller,https://covers.openlibrary.org/b/id/11408459-L.jpg,book_covers/_works_OL76833W_11408459.jpg,public-domain/unknown,openlibrary
/works/OL14873315W,The Lost Symbol,Dan Brown,2009,thriller,https://covers.openlibrary.org/b/id/8373389-L.jpg,book_covers/_works_OL14873315W_8373389.jpg,public-domain/unknown,openlibrary
/works/OL85753W,Casino Royale [James Bond (Original Series) #1],Ian Fleming,1953,thriller,https://covers.openlibrary.org/b/id/5540820-L.jpg,book_covers/_works_OL85753W_5540820.jpg,public-domain/unknown,openlibrary
/works/OL262438W,The Sign of Four,Arthur Conan Doyle,1889,thriller,https://covers.openlibrary.org/b/id/9247987-L.jpg,book_covers/_works_OL262438W_9247987.jpg,public-domain/unknown,openlibrary
/works/OL76837W,The Da Vinci Code,Dan Brown,2003,thriller,https://covers.openlibrary.org/b/id/9255229-L.jpg,book_covers/_works_OL76837W_9255229.jpg,public-domain/unknown,openlibrary
/works/OL262452W,His Last Bow [8 stories],Arthur Conan Doyle,1917,thriller,https://covers.openlibrary.org/b/id/8243267-L.jpg,book_covers/_works_OL262452W_8243267.jpg,public-domain/unknown,openlibrary
/works/OL76524W,The Thirty-Nine Steps,John Buchan,1915,thriller,https://covers.openlibrary.org/b/id/93020-L.jpg,book_covers/_works_OL76524W_93020.jpg,public-domain/unknown,openlibrary
/works/OL276386W,The Turn of the Screw,Henry James,1898,thriller,https://covers.openlibrary.org/b/id/181493-L.jpg,book_covers/_works_OL276386W_181493.jpg,public-domain/unknown,openlibrary
/works/OL81626W,Carrie,Stephen King,1974,thriller,https://covers.openlibrary.org/b/id/9256043-L.jpg,book_covers/_works_OL81626W_9256043.jpg,public-domain/unknown,openlibrary
/works/OL262421W,The Adventures of Sherlock Holmes [12 stories],Arthur Conan Doyle,1892,thriller,https://covers.openlibrary.org/b/id/6717853-L.jpg,book_covers/_works_OL262421W_6717853.jpg,public-domain/unknown,openlibrary
/works/OL472542W,The Secret of Chimneys,Agatha Christie,1925,thriller,https://covers.openlibrary.org/b/id/12996574-L.jpg,book_covers/_works_OL472542W_12996574.jpg,public-domain/unknown,openlibrary
/works/OL262454W,The Hound of the Baskervilles,Arthur Conan Doyle,1900,thriller,https://covers.openlibrary.org/b/id/8063264-L.jpg,book_covers/_works_OL262454W_8063264.jpg,public-domain/unknown,openlibrary
/works/OL100239W,An American Tragedy,Theodore Dreiser,1900,thriller,https://covers.openlibrary.org/b/id/12728401-L.jpg,book_covers/_works_OL100239W_12728401.jpg,public-domain/unknown,openlibrary
/works/OL471724W,Death on the Nile,Agatha Christie,1937,thriller,https://covers.openlibrary.org/b/id/14066646-L.jpg,book_covers/_works_OL471724W_14066646.jpg,public-domain/unknown,openlibrary
/works/OL472073W,Murder on the Links,Agatha Christie,1923,thriller,https://covers.openlibrary.org/b/id/14582832-L.jpg,book_covers/_works_OL472073W_14582832.jpg,public-domain/unknown,openlibrary
/works/OL76836W,Digital Fortress,Dan Brown,1998,thriller,https://covers.openlibrary.org/b/id/8396115-L.jpg,book_covers/_works_OL76836W_8396115.jpg,public-domain/unknown,openlibrary
/works/OL7966242W,The Pearl,John Steinbeck,1945,thriller,https://covers.openlibrary.org/b/id/9292332-L.jpg,book_covers/_works_OL7966242W_9292332.jpg,public-domain/unknown,openlibrary
/works/OL14860424W,Rayuela,Julio Cortázar,1963,thriller,https://covers.openlibrary.org/b/id/1047466-L.jpg,book_covers/_works_OL14860424W_1047466.jpg,public-domain/unknown,openlibrary
/works/OL244537W,The Art of War,孙武,1900,thriller,https://covers.openlibrary.org/b/id/4849549-L.jpg,book_covers/_works_OL244537W_4849549.jpg,public-domain/unknown,openlibrary
/works/OL10834W,Perfume,Patrick Süskind,1985,thriller,https://covers.openlibrary.org/b/id/10910286-L.jpg,book_covers/_works_OL10834W_10910286.jpg,public-domain/unknown,openlibrary
/works/OL471947W,The Big Four,Agatha Christie,1927,thriller,https://covers.openlibrary.org/b/id/12996529-L.jpg,book_covers/_works_OL471947W_12996529.jpg,public-domain/unknown,openlibrary
/works/OL471603W,The Mystery of the Blue Train,Agatha Christie,1928,thriller,https://covers.openlibrary.org/b/id/14575533-L.jpg,book_covers/_works_OL471603W_14575533.jpg,public-domain/unknown,openlibrary
/works/OL1418187W,A Princess of Mars,Edgar Rice Burroughs,1917,thriller,https://covers.openlibrary.org/b/id/207226-L.jpg,book_covers/_works_OL1418187W_207226.jpg,public-domain/unknown,openlibrary
/works/OL8996439W,Il nome della rosa,Umberto Eco,1980,thriller,https://covers.openlibrary.org/b/id/8598263-L.jpg,book_covers/_works_OL8996439W_8598263.jpg,public-domain/unknown,openlibrary
/works/OL472549W,The Man in the Brown Suit,Agatha Christie,1924,thriller,https://covers.openlibrary.org/b/id/11153508-L.jpg,book_covers/_works_OL472549W_11153508.jpg,public-domain/unknown,openlibrary
/works/OL1833989W,Le fantôme de l'opéra,Gaston Leroux,1911,thriller,https://covers.openlibrary.org/b/id/8245407-L.jpg,book_covers/_works_OL1833989W_8245407.jpg,public-domain/unknown,openlibrary
/works/OL455327W,Lord of the Flies,William Golding,1954,thriller,https://covers.openlibrary.org/b/id/8684447-L.jpg,book_covers/_works_OL455327W_8684447.jpg,public-domain/unknown,openlibrary
/works/OL23797W,The Riddle of the Sands,Erskine Childers,1903,thriller,https://covers.openlibrary.org/b/id/2293974-L.jpg,book_covers/_works_OL23797W_2293974.jpg,public-domain/unknown,openlibrary
/works/OL2234917W,Whose Body?,Dorothy L. Sayers,1923,thriller,https://covers.openlibrary.org/b/id/8311819-L.jpg,book_covers/_works_OL2234917W_8311819.jpg,public-domain/unknown,openlibrary
/works/OL471565W,And Then There Were None,Agatha Christie,1939,thriller,https://covers.openlibrary.org/b/id/11172296-L.jpg,book_covers/_works_OL471565W_11172296.jpg,public-domain/unknown,openlibrary
/works/OL471789W,The Secret Adversary,Agatha Christie,1922,thriller,https://covers.openlibrary.org/b/id/14590159-L.jpg,book_covers/_works_OL471789W_14590159.jpg,public-domain/unknown,openlibrary
/works/OL183675W,The Castle of Otranto,Horace Walpole,1764,thriller,https://covers.openlibrary.org/b/id/6468730-L.jpg,book_covers/_works_OL183675W_6468730.jpg,public-domain/unknown,openlibrary
/works/OL39108W,The Secret Agent,Joseph Conrad,1907,thriller,https://covers.openlibrary.org/b/id/8239401-L.jpg,book_covers/_works_OL39108W_8239401.jpg,public-domain/unknown,openlibrary
/works/OL1099513W,Voyage au Centre de la Terre,Jules Verne,1867,thriller,https://covers.openlibrary.org/b/id/5890987-L.jpg,book_covers/_works_OL1099513W_5890987.jpg,public-domain/unknown,openlibrary
/works/OL262426W,The Case-Book of Sherlock Holmes,Arthur Conan Doyle,1927,thriller,https://covers.openlibrary.org/b/id/8350410-L.jpg,book_covers/_works_OL262426W_8350410.jpg,public-domain/unknown,openlibrary
/works/OL74504W,White Fang,Jack London,1905,thriller,https://covers.openlibrary.org/b/id/8236920-L.jpg,book_covers/_works_OL74504W_8236920.jpg,public-domain/unknown,openlibrary
/works/OL1099280W,Vingt mille lieues sous les mers,Jules Verne,1870,thriller,https://covers.openlibrary.org/b/id/6573517-L.jpg,book_covers/_works_OL1099280W_6573517.jpg,public-domain/unknown,openlibrary
/works/OL1100007W,Le Tour du Monde en Quatre-Vingts Jours,Jules Verne,1872,thriller,https://covers.openlibrary.org/b/id/6976035-L.jpg,book_covers/_works_OL1100007W_6976035.jpg,public-domain/unknown,openlibrary
/works/OL262477W,The Return of Sherlock Holmes,Arthur Conan Doyle,1903,thriller,https://covers.openlibrary.org/b/id/9246467-L.jpg,book_covers/_works_OL262477W_9246467.jpg,public-domain/unknown,openlibrary
/works/OL24166W,Kidnapped,Robert Louis Stevenson,1886,thriller,https://covers.openlibrary.org/b/id/8267822-L.jpg,book_covers/_works_OL24166W_8267822.jpg,public-domain/unknown,openlibrary
/works/OL20844W,The Red Badge of Courage,Stephen Crane,1855,thriller,https://covers.openlibrary.org/b/id/8236915-L.jpg,book_covers/_works_OL20844W_8236915.jpg,public-domain/unknown,openlibrary
/works/OL1960472W,The Science Fiction Hall of Fame -- Volume One,Robert Silverberg,1970,science fiction,https://covers.openlibrary.org/b/id/6941459-L.jpg,book_covers/_works_OL1960472W_6941459.jpg,public-domain/unknown,openlibrary
/works/OL46125W,Foundation,Isaac Asimov,1951,science fiction,https://covers.openlibrary.org/b/id/14612610-L.jpg,book_covers/_works_OL46125W_14612610.jpg,public-domain/unknown,openlibrary
/works/OL450124W,The Last Man,Mary Shelley,1826,science fiction,https://covers.openlibrary.org/b/id/882662-L.jpg,book_covers/_works_OL450124W_882662.jpg,public-domain/unknown,openlibrary
/works/OL59688W,Stranger in a Strange Land,Robert A. Heinlein,1961,science fiction,https://covers.openlibrary.org/b/id/14630668-L.jpg,book_covers/_works_OL59688W_14630668.jpg,public-domain/unknown,openlibrary
/works/OL893415W,Dune,Frank Herbert,1965,science fiction,https://covers.openlibrary.org/b/id/11481354-L.jpg,book_covers/_works_OL893415W_11481354.jpg,public-domain/unknown,openlibrary
/works/OL10215W,Мы,Евгений Иванович Замятин,1924,science fiction,https://covers.openlibrary.org/b/id/5484189-L.jpg,book_covers/_works_OL10215W_5484189.jpg,public-domain/unknown,openlibrary
/works/OL38494W,Cryptonomicon,Neal Stephenson,1999,science fiction,https://covers.openlibrary.org/b/id/6424001-L.jpg,book_covers/_works_OL38494W_6424001.jpg,public-domain/unknown,openlibrary
/works/OL2172454W,Ubik,Philip K. Dick,1969,science fiction,https://covers.openlibrary.org/b/id/5018327-L.jpg,book_covers/_works_OL2172454W_5018327.jpg,public-domain/unknown,openlibrary
/works/OL35627W,Wild seed,Octavia E. Butler,1980,science fiction,https://covers.openlibrary.org/b/id/288149-L.jpg,book_covers/_works_OL35627W_288149.jpg,public-domain/unknown,openlibrary
/works/OL46309W,Second Foundation,Isaac Asimov,1953,science fiction,https://covers.openlibrary.org/b/id/9261324-L.jpg,book_covers/_works_OL46309W_9261324.jpg,public-domain/unknown,openlibrary
/works/OL59849W,The language of the night,Ursula K. Le Guin,1979,science fiction,https://covers.openlibrary.org/b/id/4437200-L.jpg,book_covers/_works_OL59849W_4437200.jpg,public-domain/unknown,openlibrary
/works/OL103128W,The Illustrated Man,Ray Bradbury,1901,science fiction,https://covers.openlibrary.org/b/id/9345484-L.jpg,book_covers/_works_OL103128W_9345484.jpg,public-domain/unknown,openlibrary
/works/OL103134W,The Martian Chronicles,Ray Bradbury,1950,science fiction,https://covers.openlibrary.org/b/id/9346537-L.jpg,book_covers/_works_OL103134W_9346537.jpg,public-domain/unknown,openlibrary
/works/OL110971W,Ficciones,Jorge Luis Borges,1945,science fiction,https://covers.openlibrary.org/b/id/10832290-L.jpg,book_covers/_works_OL110971W_10832290.jpg,public-domain/unknown,openlibrary
/works/OL103123W,Fahrenheit 451,Ray Bradbury,1953,science fiction,https://covers.openlibrary.org/b/id/12993656-L.jpg,book_covers/_works_OL103123W_12993656.jpg,public-domain/unknown,openlibrary
/works/OL52260W,The First Men in the Moon,H. G. Wells,1900,science fiction,https://covers.openlibrary.org/b/id/8081288-L.jpg,book_covers/_works_OL52260W_8081288.jpg,public-domain/unknown,openlibrary
/works/OL25595002W,"Mary Shelley's Frankenstein; or, the Modern Prometheus (1818 text)",Mary Shelley,1818,science fiction,https://covers.openlibrary.org/b/id/7267770-L.jpg,book_covers/_works_OL25595002W_7267770.jpg,public-domain/unknown,openlibrary
/works/OL46390W,The Foundation Trilogy,Isaac Asimov,1950,science fiction,https://covers.openlibrary.org/b/id/6502517-L.jpg,book_covers/_works_OL46390W_6502517.jpg,public-domain/unknown,openlibrary
/works/OL273080W,To your scattered bodies go,Philip José Farmer,1971,science fiction,https://covers.openlibrary.org/b/id/382159-L.jpg,book_covers/_works_OL273080W_382159.jpg,public-domain/unknown,openlibrary
/works/OL52151W,When the Sleeper Awakes,H. G. Wells,1899,science fiction,https://covers.openlibrary.org/b/id/574886-L.jpg,book_covers/_works_OL52151W_574886.jpg,public-domain/unknown,openlibrary
/works/OL46224W,Foundation and Empire,Isaac Asimov,1945,science fiction,https://covers.openlibrary.org/b/id/9300695-L.jpg,book_covers/_works_OL46224W_9300695.jpg,public-domain/unknown,openlibrary
/works/OL27258W,Neuromancer,William Gibson,1984,science fiction,https://covers.openlibrary.org/b/id/283860-L.jpg,book_covers/_works_OL27258W_283860.jpg,public-domain/unknown,openlibrary
/works/OL39379W,A Room of One's Own,Virginia Woolf,1929,science fiction,https://covers.openlibrary.org/b/id/6559057-L.jpg,book_covers/_works_OL39379W_6559057.jpg,public-domain/unknown,openlibrary
/works/OL450063W,Frankenstein or The Modern Prometheus,Mary Shelley,1818,science fiction,https://covers.openlibrary.org/b/id/12356249-L.jpg,book_covers/_works_OL450063W_12356249.jpg,public-domain/unknown,openlibrary
/works/OL80609W,Du contrat social,Jean-Jacques Rousseau,1762,science fiction,https://covers.openlibrary.org/b/id/6581958-L.jpg,book_covers/_works_OL80609W_6581958.jpg,public-domain/unknown,openlibrary
/works/OL381550W,The Island of Dr. Moreau,H. G. Wells,1896,science fiction,https://covers.openlibrary.org/b/id/968312-L.jpg,book_covers/_works_OL381550W_968312.jpg,public-domain/unknown,openlibrary
/works/OL505781W,Of Human Bondage,William Somerset Maugham,1915,science fiction,https://covers.openlibrary.org/b/id/5277723-L.jpg,book_covers/_works_OL505781W_5277723.jpg,public-domain/unknown,openlibrary
/works/OL151515W,La Poetica,Aristotle,1479,science fiction,https://covers.openlibrary.org/b/id/129771-L.jpg,book_covers/_works_OL151515W_129771.jpg,public-domain/unknown,openlibrary
/works/OL731737W,Anthem,Ayn Rand,1936,science fiction,https://covers.openlibrary.org/b/id/802982-L.jpg,book_covers/_works_OL731737W_802982.jpg,public-domain/unknown,openlibrary
/works/OL49488W,Ender's Game,Orson Scott Card,1985,science fiction,https://covers.openlibrary.org/b/id/12996033-L.jpg,book_covers/_works_OL49488W_12996033.jpg,public-domain/unknown,openlibrary
/works/OL1168083W,Nineteen Eighty-Four,George Orwell,1949,science fiction,https://covers.openlibrary.org/b/id/9267242-L.jpg,book_covers/_works_OL1168083W_9267242.jpg,public-domain/unknown,openlibrary
/works/OL267096W,Anna Karenina,Лев Толстой,1876,science fiction,https://covers.openlibrary.org/b/id/2560652-L.jpg,book_covers/_works_OL267096W_2560652.jpg,public-domain/unknown,openlibrary
/works/OL2163649W,The Hitch Hiker's Guide to the Galaxy,Douglas Adams,1979,science fiction,https://covers.openlibrary.org/b/id/12986869-L.jpg,book_covers/_works_OL2163649W_12986869.jpg,public-domain/unknown,openlibrary
/works/OL5735363W,The Hunger Games,Suzanne Collins,2008,science fiction,https://covers.openlibrary.org/b/id/12646537-L.jpg,book_covers/_works_OL5735363W_12646537.jpg,public-domain/unknown,openlibrary
/works/OL472458W,A Caribbean Mystery,Agatha Christie,1964,mystery,https://covers.openlibrary.org/b/id/14578132-L.jpg,book_covers/_works_OL472458W_14578132.jpg,public-domain/unknown,openlibrary
/works/OL472572W,Murder in Mesopotamia,Agatha Christie,1936,mystery,https://covers.openlibrary.org/b/id/12855104-L.jpg,book_covers/_works_OL472572W_12855104.jpg,public-domain/unknown,openlibrary
/works/OL472526W,The Hollow,Agatha Christie,1946,mystery,https://covers.openlibrary.org/b/id/13679064-L.jpg,book_covers/_works_OL472526W_13679064.jpg,public-domain/unknown,openlibrary
/works/OL472250W,Sleeping Murder,Agatha Christie,1940,mystery,https://covers.openlibrary.org/b/id/10247294-L.jpg,book_covers/_works_OL472250W_10247294.jpg,public-domain/unknown,openlibrary
/works/OL471666W,Five Little Pigs,Agatha Christie,1942,mystery,https://covers.openlibrary.org/b/id/14578138-L.jpg,book_covers/_works_OL471666W_14578138.jpg,public-domain/unknown,openlibrary
/works/OL472324W,Death in the Clouds,Agatha Christie,1935,mystery,https://covers.openlibrary.org/b/id/11433305-L.jpg,book_covers/_works_OL472324W_11433305.jpg,public-domain/unknown,openlibrary
/works/OL471871W,They Do It with Mirrors,Agatha Christie,1952,mystery,https://covers.openlibrary.org/b/id/10249524-L.jpg,book_covers/_works_OL471871W_10249524.jpg,public-domain/unknown,openlibrary
/works/OL54158W,The Mysterious Stranger,Mark Twain,1916,mystery,https://covers.openlibrary.org/b/id/9173884-L.jpg,book_covers/_works_OL54158W_9173884.jpg,public-domain/unknown,openlibrary
/works/OL472165W,Peril at End House,Agatha Christie,1932,mystery,https://covers.openlibrary.org/b/id/12996556-L.jpg,book_covers/_works_OL472165W_12996556.jpg,public-domain/unknown,openlibrary
/works/OL471664W,The Sittaford Mystery,Agatha Christie,1931,mystery,https://covers.openlibrary.org/b/id/13151831-L.jpg,book_covers/_works_OL471664W_13151831.jpg,public-domain/unknown,openlibrary
/works/OL472049W,Evil Under the Sun,Agatha Christie,1941,mystery,https://covers.openlibrary.org/b/id/13671433-L.jpg,book_covers/_works_OL472049W_13671433.jpg,public-domain/unknown,openlibrary
/works/OL471771W,A Murder Is Announced,Agatha Christie,1950,mystery,https://covers.openlibrary.org/b/id/14578204-L.jpg,book_covers/_works_OL471771W_14578204.jpg,public-domain/unknown,openlibrary
/works/OL471940W,Poirot investigates,Agatha Christie,1924,mystery,https://covers.openlibrary.org/b/id/13670505-L.jpg,book_covers/_works_OL471940W_13670505.jpg,public-domain/unknown,openlibrary
/works/OL471637W,Cards on the Table,Agatha Christie,1936,mystery,https://covers.openlibrary.org/b/id/6469172-L.jpg,book_covers/_works_OL471637W_6469172.jpg,public-domain/unknown,openlibrary
/works/OL471943W,After the Funeral,Agatha Christie,1953,mystery,https://covers.openlibrary.org/b/id/12996535-L.jpg,book_covers/_works_OL471943W_12996535.jpg,public-domain/unknown,openlibrary
/works/OL471895W,The Murder at the Vicarage,Agatha Christie,1930,mystery,https://covers.openlibrary.org/b/id/12996560-L.jpg,book_covers/_works_OL471895W_12996560.jpg,public-domain/unknown,openlibrary
/works/OL471765W,Murder in Three Acts,Agatha Christie,1934,mystery,https://covers.openlibrary.org/b/id/6874620-L.jpg,book_covers/_works_OL471765W_6874620.jpg,public-domain/unknown,openlibrary
/works/OL471776W,Elephants Can Remember,Agatha Christie,1969,mystery,https://covers.openlibrary.org/b/id/11165070-L.jpg,book_covers/_works_OL471776W_11165070.jpg,public-domain/unknown,openlibrary
/works/OL471767W,Lord Edgware Dies,Agatha Christie,1933,mystery,https://covers.openlibrary.org/b/id/9492111-L.jpg,book_covers/_works_OL471767W_9492111.jpg,public-domain/unknown,openlibrary
/works/OL471990W,The Mirror Crack'd from Side to Side,Agatha Christie,1960,mystery,https://covers.openlibrary.org/b/id/10561150-L.jpg,book_covers/_works_OL471990W_10561150.jpg,public-domain/unknown,openlibrary
/works/OL471667W,Appointment with Death,Agatha Christie,1938,mystery,https://covers.openlibrary.org/b/id/14561660-L.jpg,book_covers/_works_OL471667W_14561660.jpg,public-domain/unknown,openlibrary
/works/OL471784W,The Seven Dials Mystery,Agatha Christie,1929,mystery,https://covers.openlibrary.org/b/id/14575632-L.jpg,book_covers/_works_OL471784W_14575632.jpg,public-domain/unknown,openlibrary
/works/OL471905W,The Moving Finger,Agatha Christie,1942,mystery,https://covers.openlibrary.org/b/id/13672855-L.jpg,book_covers/_works_OL471905W_13672855.jpg,public-domain/unknown,openlibrary
/works/OL265415W,At Bertram's Hotel,Agatha Christie,1965,mystery,https://covers.openlibrary.org/b/id/6379981-L.jpg,book_covers/_works_OL265415W_6379981.jpg,public-domain/unknown,openlibrary
/works/OL471610W,The Body in the Library,Agatha Christie,1942,mystery,https://covers.openlibrary.org/b/id/12855259-L.jpg,book_covers/_works_OL471610W_12855259.jpg,public-domain/unknown,openlibrary
/works/OL471932W,The Murder of Roger Ackroyd,Agatha Christie,1926,mystery,https://covers.openlibrary.org/b/id/13151356-L.jpg,book_covers/_works_OL471932W_13151356.jpg,public-domain/unknown,openlibrary
/works/OL471509W,The A.B.C. Murders,Agatha Christie,1936,mystery,https://covers.openlibrary.org/b/id/14573514-L.jpg,book_covers/_works_OL471509W_14573514.jpg,public-domain/unknown,openlibrary
/works/OL471670W,The Clocks,Agatha Christie,1963,mystery,https://covers.openlibrary.org/b/id/12996554-L.jpg,book_covers/_works_OL471670W_12996554.jpg,public-domain/unknown,openlibrary
/works/OL472594W,Nemesis,Agatha Christie,1970,mystery,https://covers.openlibrary.org/b/id/10249139-L.jpg,book_covers/_works_OL472594W_10249139.jpg,public-domain/unknown,openlibrary
/works/OL1099915W,L'Île mystérieuse,Jules Verne,1870,mystery,https://covers.openlibrary.org/b/id/1277096-L.jpg,book_covers/_works_OL1099915W_1277096.jpg,public-domain/unknown,openlibrary
/works/OL472470W,Curtain,Agatha Christie,1975,mystery,https://covers.openlibrary.org/b/id/12387503-L.jpg,book_covers/_works_OL472470W_12387503.jpg,public-domain/unknown,openlibrary
/works/OL472189W,Dumb Witness,Agatha Christie,1937,mystery,https://covers.openlibrary.org/b/id/14578123-L.jpg,book_covers/_works_OL472189W_14578123.jpg,public-domain/unknown,openlibrary
/works/OL471891W,Crooked House,Agatha Christie,1949,mystery,https://covers.openlibrary.org/b/id/14570595-L.jpg,book_covers/_works_OL471891W_14570595.jpg,public-domain/unknown,openlibrary
/works/OL471500W,4:50 from Paddington,Agatha Christie,1957,mystery,https://covers.openlibrary.org/b/id/13151352-L.jpg,book_covers/_works_OL471500W_13151352.jpg,public-domain/unknown,openlibrary
/works/OL471832W,Hallowe'en Party,Agatha Christie,1969,mystery,https://covers.openlibrary.org/b/id/11160095-L.jpg,book_covers/_works_OL471832W_11160095.jpg,public-domain/unknown,openlibrary
/works/OL80947W,The Daughter of Time,Josephine Tey,1951,mystery,https://covers.openlibrary.org/b/id/6485299-L.jpg,book_covers/_works_OL80947W_6485299.jpg,public-domain/unknown,openlibrary
/works/OL472536W,Third Girl,Agatha Christie,1966,mystery,https://covers.openlibrary.org/b/id/14577913-L.jpg,book_covers/_works_OL472536W_14577913.jpg,public-domain/unknown,openlibrary
/works/OL66059W,The book of the damned,Charles Fort,1919,mystery,https://covers.openlibrary.org/b/id/825884-L.jpg,book_covers/_works_OL66059W_825884.jpg,public-domain/unknown,openlibrary
/works/OL471841W,Hercule Poirot's Christmas,Agatha Christie,1939,mystery,https://covers.openlibrary.org/b/id/12855074-L.jpg,book_covers/_works_OL471841W_12855074.jpg,public-domain/unknown,openlibrary
/works/OL471576W,Murder on the Orient Express,Agatha Christie,1933,mystery,https://covers.openlibrary.org/b/id/11100465-L.jpg,book_covers/_works_OL471576W_11100465.jpg,public-domain/unknown,openlibrary
/works/OL476846W,The Red House Mystery,A. A. Milne,1922,mystery,https://covers.openlibrary.org/b/id/6299936-L.jpg,book_covers/_works_OL476846W_6299936.jpg,public-domain/unknown,openlibrary
/works/OL471702W,"One, Two, Buckle My Shoe",Agatha Christie,1940,mystery,https://covers.openlibrary.org/b/id/14586349-L.jpg,book_covers/_works_OL471702W_14586349.jpg,public-domain/unknown,openlibrary
