id,title,author,year,genre,cover_url,cover_filename,license,source,one_line_plot
/works/OL15437W,Lilith,George MacDonald,1895,fantasy,https://covers.openlibrary.org/b/id/14364546-L.jpg,book_covers/_works_OL15437W_14364546.jpg,public-domain/unknown,openlibrary,Lilith is considered among the darkest of George MacDonald's works. Many believe MacDonald is arguing for Christian universal
/works/OL262384W,The Sea Fairies,L. Frank Baum,1911,fantasy,https://covers.openlibrary.org/b/id/1814237-L.jpg,book_covers/_works_OL262384W_1814237.jpg,public-domain/unknown,openlibrary,"This is a tale of life beneath the sea, of mermaids and sea serpents and other strange"
/works/OL99539W,The Phoenix and the Carpet,Edith Nesbit,1903,fantasy,https://covers.openlibrary.org/b/id/902122-L.jpg,book_covers/_works_OL99539W_902122.jpg,public-domain/unknown,openlibrary,"Five British children discover in their new carpet an egg, which hatches into a phoenix. The phoenix"
/works/OL99541W,The Enchanted Castle,Edith Nesbit,1907,fantasy,https://covers.openlibrary.org/b/id/6644514-L.jpg,book_covers/_works_OL99541W_6644514.jpg,public-domain/unknown,openlibrary,"E. Nesbit's classic story of how Gerald, Cathy and Jimmy find an enchanted garden and awake a"
/works/OL462007W,Peter Pan,J. M. Barrie,1911,fantasy,https://covers.openlibrary.org/b/id/8237052-L.jpg,book_covers/_works_OL462007W_8237052.jpg,public-domain/unknown,openlibrary,"The adventures of the three Darling children in Never-Never Land with Peter Pan, the boy who would not grow"
/works/OL85892W,Dracula,Bram Stoker,1897,fantasy,https://covers.openlibrary.org/b/id/12216503-L.jpg,book_covers/_works_OL85892W_12216503.jpg,public-domain/unknown,openlibrary,This annotated introduction accompanying this classic novel is essential for all fans of Bram Stoker’s Dracula.
/works/OL15450W,Phantastes,George MacDonald,1850,fantasy,https://covers.openlibrary.org/b/id/14358814-L.jpg,book_covers/_works_OL15450W_14358814.jpg,public-domain/unknown,openlibrary, Phantastes is the story of a young man named Anotos and his long dreamlike journey in Fairy Land
/works/OL2895536W,Carmilla,Sheridan Le Fanu,1871,fantasy,https://covers.openlibrary.org/b/id/973851-L.jpg,book_covers/_works_OL2895536W_973851.jpg,public-domain/unknown,openlibrary,
/works/OL3388961W,The Great God Pan,Arthur Machen,1894,fantasy,https://covers.openlibrary.org/b/id/921610-L.jpg,book_covers/_works_OL3388961W_921610.jpg,public-domain/unknown,openlibrary,"Arthur Machen's first book, THE GREAT GOD PAN, published in 1894, is still one of the"
/works/OL99529W,The Book of Dragons,Edith Nesbit,1973,fantasy,https://covers.openlibrary.org/b/id/4342323-L.jpg,book_covers/_works_OL99529W_4342323.jpg,public-domain/unknown,openlibrary,"Eight madcap tales of unpredictable dragons. One made of ice, another that takes refuge in the General Post Office"
/works/OL6583284W,The princess and the goblin,George MacDonald,1907,fantasy,https://covers.openlibrary.org/b/id/13192917-L.jpg,book_covers/_works_OL6583284W_13192917.jpg,public-domain/unknown,openlibrary,A little princess is protected by her friend Curdie who knows how to frighten the goblin miners who live
/works/OL138052W,Alice's Adventures in Wonderland,Lewis Carroll,1865,fantasy,https://covers.openlibrary.org/b/id/10527843-L.jpg,book_covers/_works_OL138052W_10527843.jpg,public-domain/unknown,openlibrary,Alice's Adventures in Wonderland is an 1865 English children's novel by Lewis Carroll. It is seen as an example
/works/OL65430W,The Awakening,Kate Chopin,1899,fantasy,https://covers.openlibrary.org/b/id/8750241-L.jpg,book_covers/_works_OL65430W_8750241.jpg,public-domain/unknown,openlibrary,"The Awakening is a novel by Kate Chopin, first published in 1899. Set in New Orleans and on the"
/works/OL8127201W,The King in Yellow,Robert W. Chambers,1895,fantasy,https://covers.openlibrary.org/b/id/4752788-L.jpg,book_covers/_works_OL8127201W_4752788.jpg,public-domain/unknown,openlibrary,"Great writing; powerful emotions. Chambers wrote mainly conventional stuff, but not here. An important early classic of fantasy"
/works/OL85891W,The Jewel of Seven Stars,Bram Stoker,1902,fantasy,https://covers.openlibrary.org/b/id/2760301-L.jpg,book_covers/_works_OL85891W_2760301.jpg,public-domain/unknown,openlibrary,"This dark fantasy Bram Stoker book is full of suspense. Set in ancient Egypt, it will keep you on"
/works/OL81294W,Women in Love,D. H. Lawrence,1877,fantasy,https://covers.openlibrary.org/b/id/13140934-L.jpg,book_covers/_works_OL81294W_13140934.jpg,public-domain/unknown,openlibrary,"""Women in Love"" is a prophetic masterpiece steeped in eroticism, filled with perceptions about sexual power and"
/works/OL27482W,The Hobbit,J.R.R. Tolkien,1937,fantasy,https://covers.openlibrary.org/b/id/14627509-L.jpg,book_covers/_works_OL27482W_14627509.jpg,public-domain/unknown,openlibrary,"The Hobbit is a tale of high adventure, undertaken by a company of dwarves in search of dragon-guarded"
/works/OL76487W,The Man Who Was Thursday,Gilbert Keith Chesterton,1908,fantasy,https://covers.openlibrary.org/b/id/8242857-L.jpg,book_covers/_works_OL76487W_8242857.jpg,public-domain/unknown,openlibrary,Gabriel Syme goes undercover in Europe's Central Anarchist Council. Syme has himself voted to the position
/works/OL16249171W,Hans Andersen's Fairy Tales,Hans Christian Andersen,1846,fantasy,https://covers.openlibrary.org/b/id/320591-L.jpg,book_covers/_works_OL16249171W_320591.jpg,public-domain/unknown,openlibrary,"16 tales include ""Little Claus and Big Claus,"" ""Father's Always Right,"" and ""The Goblin and the"
/works/OL1168007W,Animal Farm,George Orwell,1945,fantasy,https://covers.openlibrary.org/b/id/11261770-L.jpg,book_covers/_works_OL1168007W_11261770.jpg,public-domain/unknown,openlibrary,Mr Jones of Manor Farm is so lazy and drunken that one day he forgets to feed his livestock. The
/works/OL77744W,Anne of Avonlea,Lucy Maud Montgomery,1909,fantasy,https://covers.openlibrary.org/b/id/14638062-L.jpg,book_covers/_works_OL77744W_14638062.jpg,public-domain/unknown,openlibrary,The second story in the ever-popular Anne of Green Gables series. Anne is ready to begin a new
/works/OL52266W,The Invisible Man,H. G. Wells,0,fantasy,https://covers.openlibrary.org/b/id/6419199-L.jpg,book_covers/_works_OL52266W_6419199.jpg,public-domain/unknown,openlibrary,"This book is the story of Griffin, a scientist who creates a serum to render himself invisible. Griffin's descent"
/works/OL28988W,Northern Lights,Philip Pullman,1995,fantasy,https://covers.openlibrary.org/b/id/8747028-L.jpg,book_covers/_works_OL28988W_8747028.jpg,public-domain/unknown,openlibrary,"Philip Pullman invites readers into a world as convincing and thoroughly realized as Narnia, Earthsea,"
/works/OL24034W,Treasure Island,Robert Louis Stevenson,1880,fantasy,https://covers.openlibrary.org/b/id/13859660-L.jpg,book_covers/_works_OL24034W_13859660.jpg,public-domain/unknown,openlibrary,"Treasure Island is an adventure tale known for its atmosphere, characters and action. Traditionally considered a coming-"
/works/OL27479W,The Two Towers,J.R.R. Tolkien,1954,fantasy,https://covers.openlibrary.org/b/id/14627564-L.jpg,book_covers/_works_OL27479W_14627564.jpg,public-domain/unknown,openlibrary,"The Lord of the Rings is a three-volume epic, set in the imaginary world of Middle-earth."
/works/OL27513W,The Fellowship of the Ring,J.R.R. Tolkien,1954,fantasy,https://covers.openlibrary.org/b/id/14627060-L.jpg,book_covers/_works_OL27513W_14627060.jpg,public-domain/unknown,openlibrary,"In ancient times the Rings of Power were crafted by the Elven-smiths. Sauron, the Dark Lord"
/works/OL99499W,Five Children and It,Edith Nesbit,1905,fantasy,https://covers.openlibrary.org/b/id/28174-L.jpg,book_covers/_works_OL99499W_28174.jpg,public-domain/unknown,openlibrary,"Five siblings find a creature that grants their wishes. Be careful what you wish for, it might come true."
/works/OL28993W,The Subtle Knife,Philip Pullman,1997,fantasy,https://covers.openlibrary.org/b/id/12614549-L.jpg,book_covers/_works_OL28993W_12614549.jpg,public-domain/unknown,openlibrary,"Lyra and her daemon help Will Parry in his search for his father and for a powerful, magical knife"
/works/OL18412W,Dorothy and the Wizard in Oz,L. Frank Baum,1908,fantasy,https://covers.openlibrary.org/b/id/12648659-L.jpg,book_covers/_works_OL18412W_12648659.jpg,public-domain/unknown,openlibrary,Dorothy and the Wizard in Oz is the fourth book in Baum's Oz series. The series chron
/works/OL27455W,The Return of the King,J.R.R. Tolkien,1950,fantasy,https://covers.openlibrary.org/b/id/14627062-L.jpg,book_covers/_works_OL27455W_14627062.jpg,public-domain/unknown,openlibrary,The Return of the King brings to a close the great epic of war and adventure begun in The Fellowship of the
/works/OL27495W,The Silmarillion,J.R.R. Tolkien,1977,fantasy,https://covers.openlibrary.org/b/id/14627042-L.jpg,book_covers/_works_OL27495W_14627042.jpg,public-domain/unknown,openlibrary,The Silmarillion was a number-one New York Times bestseller when it was originally published. It is
/works/OL71124W,The Last Battle,C.S. Lewis,1956,fantasy,https://covers.openlibrary.org/b/id/6529226-L.jpg,book_covers/_works_OL71124W_6529226.jpg,public-domain/unknown,openlibrary,"For the first time, an edition of Lewis's classic fantasy fiction packaged specifically for adults. Includes an exclusive """
/works/OL71037W,"The Lion, the Witch and the Wardrobe",C.S. Lewis,1950,fantasy,https://covers.openlibrary.org/b/id/8441376-L.jpg,book_covers/_works_OL71037W_8441376.jpg,public-domain/unknown,openlibrary,"The Lion, the Witch and the Wardrobe is the second book in C. S. Lewis's classic fantasy"
/works/OL52267W,The Time Machine,H. G. Wells,1895,fantasy,https://covers.openlibrary.org/b/id/9009316-L.jpg,book_covers/_works_OL52267W_9009316.jpg,public-domain/unknown,openlibrary,"The Time Traveller is a dreamer obsessed with traveling through time. He travels 800,000 years into"
/works/OL52114W,The War of the Worlds,H. G. Wells,0,fantasy,https://covers.openlibrary.org/b/id/36314-L.jpg,book_covers/_works_OL52114W_36314.jpg,public-domain/unknown,openlibrary,"The ultimate science fiction classic: for more than one hundred years, this compelling tale of the Martian invasion of Earth"
/works/OL18415W,Ozma of Oz,L. Frank Baum,1907,fantasy,https://covers.openlibrary.org/b/id/12648657-L.jpg,book_covers/_works_OL18415W_12648657.jpg,public-domain/unknown,openlibrary,"Dorothy meets the Scarecrow, the Tin Woodman, the Cowardly Lion, and Princess Oz"
/works/OL71069W,Prince Caspian,C.S. Lewis,1951,fantasy,https://covers.openlibrary.org/b/id/45897-L.jpg,book_covers/_works_OL71069W_45897.jpg,public-domain/unknown,openlibrary,"Prince Caspian blows his magic horn to summons Peter, Susan, Lucy and Edmond to help him with"
/works/OL53908W,Adventures of Huckleberry Finn,Mark Twain,1876,fantasy,https://covers.openlibrary.org/b/id/8157718-L.jpg,book_covers/_works_OL53908W_8157718.jpg,public-domain/unknown,openlibrary,The Adventures of Huckleberry Finn is a novel by Mark Twain. It was first published in the United Kingdom
/works/OL675783W,The Handmaid's Tale,Margaret Atwood,1985,fantasy,https://covers.openlibrary.org/b/id/8231851-L.jpg,book_covers/_works_OL675783W_8231851.jpg,public-domain/unknown,openlibrary,The Handmaid's Tale is a 1985 novel by Canadian author Margaret Atwood. It is set in a near
/works/OL71078W,The Silver Chair,C.S. Lewis,1953,fantasy,https://covers.openlibrary.org/b/id/6950992-L.jpg,book_covers/_works_OL71078W_6950992.jpg,public-domain/unknown,openlibrary,Jill and Eustace must rescue the Prince from the evil Witch.
/works/OL2288676W,Brood of the Witch-Queen,Sax Rohmer,1924,fantasy,https://covers.openlibrary.org/b/id/2011286-L.jpg,book_covers/_works_OL2288676W_2011286.jpg,public-domain/unknown,openlibrary,"The strange deeds of Antony Ferrara, as herein related, are intended to illustrate certain phases of Sorcery"
/works/OL472715W,The Mysterious Affair at Styles,Agatha Christie,1920,fantasy,https://covers.openlibrary.org/b/id/13699667-L.jpg,book_covers/_works_OL472715W_13699667.jpg,public-domain/unknown,openlibrary,The story follows the war-wounded Captain Arthur Hastings to the Styles St. Mary manor of his friend
/works/OL27448W,The Lord of the Rings,J.R.R. Tolkien,1954,fantasy,https://covers.openlibrary.org/b/id/14625765-L.jpg,book_covers/_works_OL27448W_14625765.jpg,public-domain/unknown,openlibrary,"The Lord of the Rings is considered ""the most influential fantasy novel ever written"" Originally published from 1954 through 1956"
/works/OL8193416W,The Picture of Dorian Gray,Oscar Wilde,1890,fantasy,https://covers.openlibrary.org/b/id/14314858-L.jpg,book_covers/_works_OL8193416W_14314858.jpg,public-domain/unknown,openlibrary,The Picture of Dorian Gray is a philosophical novel by Irish writer Oscar Wilde. A shorter novella-
/works/OL71058W,The Horse and His Boy,C.S. Lewis,1954,fantasy,https://covers.openlibrary.org/b/id/9184792-L.jpg,book_covers/_works_OL71058W_9184792.jpg,public-domain/unknown,openlibrary,A boy and a talking horse share an adventurous and dangerous journey to Narnia to warn of invading barbarians
/works/OL71132W,The Voyage of the Dawn Treader,C.S. Lewis,1952,fantasy,https://covers.openlibrary.org/b/id/9184719-L.jpg,book_covers/_works_OL71132W_9184719.jpg,public-domain/unknown,openlibrary,"Lucy, Edmund, and their cousin travel back to Narnia through a painting where they board a ship"
/works/OL262460W,The Lost World,Arthur Conan Doyle,1900,fantasy,https://covers.openlibrary.org/b/id/8231444-L.jpg,book_covers/_works_OL262460W_8231444.jpg,public-domain/unknown,openlibrary,"Journalist Ed Malone is looking for an adventure, and that's exactly what he finds when he meets the eccentric"
/works/OL54031W,A Connecticut Yankee in King Arthur's Court,Mark Twain,1889,fantasy,https://covers.openlibrary.org/b/id/9168732-L.jpg,book_covers/_works_OL54031W_9168732.jpg,public-domain/unknown,openlibrary,A blow on the head transports a Yankee to 528 A.D. where he proceeds to modernize King
/works/OL71042W,The Magician's Nephew,C.S. Lewis,1955,fantasy,https://covers.openlibrary.org/b/id/1072931-L.jpg,book_covers/_works_OL71042W_1072931.jpg,public-domain/unknown,openlibrary,Digory and Polly discover Uncle Andrew's secret workshop. They are tricked into touching some magic rings that take them
/works/OL18417W,The Wonderful Wizard of Oz,L. Frank Baum,1899,fantasy,https://covers.openlibrary.org/b/id/552443-L.jpg,book_covers/_works_OL18417W_552443.jpg,public-domain/unknown,openlibrary,The Wonderful Wizard of Oz is still captivating the hearts of countless readers. Come adventure with Dorothy and her three
/works/OL118388W,Flatland,Edwin Abbott Abbott,1884,romance,https://covers.openlibrary.org/b/id/10069547-L.jpg,book_covers/_works_OL118388W_10069547.jpg,public-domain/unknown,openlibrary,Flatland: A Romance of Many Dimensions was written in 1884. It is considered useful in thinking about
/works/OL455512W,The Blithedale Romance,Nathaniel Hawthorne,1852,romance,https://covers.openlibrary.org/b/id/8245179-L.jpg,book_covers/_works_OL455512W_8245179.jpg,public-domain/unknown,openlibrary,A superb depiction of a utopian community that cannot survive the individual passions of its members. Based in part on Hawth
/works/OL1066524W,Pygmalion,George Bernard Shaw,1912,romance,https://covers.openlibrary.org/b/id/9267223-L.jpg,book_covers/_works_OL1066524W_9267223.jpg,public-domain/unknown,openlibrary,Pygmalion is a play by George Bernard Shaw. It was first presented on stage to the public in
/works/OL863808W,Ivanhoe,Sir Walter Scott,1800,romance,https://covers.openlibrary.org/b/id/314235-L.jpg,book_covers/_works_OL863808W_314235.jpg,public-domain/unknown,openlibrary,"Ivanhoe is the tale of Wilfrid, a young Saxon knight, and his love for the"
/works/OL176092W,The Moonstone,Wilkie Collins,1868,romance,https://covers.openlibrary.org/b/id/8237041-L.jpg,book_covers/_works_OL176092W_8237041.jpg,public-domain/unknown,openlibrary,"One of the first English detective novels. Mystery involves the disappearance of a valuable diamond, originally stolen from a Hindu"
/works/OL468485W,Tender is the Night,F. Scott Fitzgerald,1933,romance,https://covers.openlibrary.org/b/id/6984433-L.jpg,book_covers/_works_OL468485W_6984433.jpg,public-domain/unknown,openlibrary,"A psychiatrist, Dick Diver, treats and eventually marries a wealthy patient, Nicole. Eventually, this marriage destroys"
/works/OL36371W,Le roman du masque de fer,Alexandre Dumas,1600,romance,https://covers.openlibrary.org/b/id/2132494-L.jpg,book_covers/_works_OL36371W_2132494.jpg,public-domain/unknown,openlibrary,"Aramis, Athos, Porthos, and D'Artagnan are the Musketeers"
/works/OL77775W,The blue castle,Lucy Maud Montgomery,1926,romance,https://covers.openlibrary.org/b/id/14640067-L.jpg,book_covers/_works_OL77775W_14640067.jpg,public-domain/unknown,openlibrary,"Valancy Stirling is 29, unmarried, and has never been in love. She finds her only consolation in"
/works/OL455305W,The Scarlet Letter,Nathaniel Hawthorne,1850,romance,https://covers.openlibrary.org/b/id/5654516-L.jpg,book_covers/_works_OL455305W_5654516.jpg,public-domain/unknown,openlibrary,The Scarlet Letter is a foundational work of American literature. Nathaniel Hawthorne's exploration of the dichotomy between the
/works/OL77559W,Age of fable,Thomas Bulfinch,1800,romance,https://covers.openlibrary.org/b/id/419378-L.jpg,book_covers/_works_OL77559W_419378.jpg,public-domain/unknown,openlibrary,The Age of Fable offers lively retellings of the myths of the Greek and Roman gods. Drawing on
/works/OL455663W,The House of the Seven Gables,Nathaniel Hawthorne,1851,romance,https://covers.openlibrary.org/b/id/8241487-L.jpg,book_covers/_works_OL455663W_8241487.jpg,public-domain/unknown,openlibrary,"Hawthorne called The House of the Seven Gables ""a romance,"" and freely bestowed upon it many fascinating"
/works/OL1003017W,Memórias póstumas de Brás Cubas,Joaquim Maria Machado de Assis,1881,romance,https://covers.openlibrary.org/b/id/123152-L.jpg,book_covers/_works_OL1003017W_123152.jpg,public-domain/unknown,openlibrary,Memórias póstumas de Brás Cubas é um romance escrito por Machado
/works/OL66513W,Emma,Jane Austen,1815,romance,https://covers.openlibrary.org/b/id/9278312-L.jpg,book_covers/_works_OL66513W_9278312.jpg,public-domain/unknown,openlibrary,"Emma, by Jane Austen, is a novel about youthful hubris and the perils of misconst"
/works/OL15366912W,Utopia,Thomas More,1518,romance,https://covers.openlibrary.org/b/id/7222976-L.jpg,book_covers/_works_OL15366912W_7222976.jpg,public-domain/unknown,openlibrary,Thomas More's Utopia is one of the most important works of European humanism. Through the voice of the
/works/OL36861W,Les Trois Mousquetaires,Alexandre Dumas,1844,romance,https://covers.openlibrary.org/b/id/11929973-L.jpg,book_covers/_works_OL36861W_11929973.jpg,public-domain/unknown,openlibrary,D'Artagnan and three musketeers unite to defend the honor of Anne of Austria against the plots
/works/OL76350W,Orthodoxy,Gilbert Keith Chesterton,1874,romance,https://covers.openlibrary.org/b/id/6268135-L.jpg,book_covers/_works_OL76350W_6268135.jpg,public-domain/unknown,openlibrary,G. K. Chesterton's Orthodoxy is a work of Christian apologetics. He tries to show that
/works/OL39360W,Orlando,Virginia Woolf,1928,romance,https://covers.openlibrary.org/b/id/3240273-L.jpg,book_covers/_works_OL39360W_3240273.jpg,public-domain/unknown,openlibrary,Orlando is a young nobleman at the beginning of the story-and a modern woman three centuries later.
/works/OL66562W,Sense and Sensibility,Jane Austen,1811,romance,https://covers.openlibrary.org/b/id/9278292-L.jpg,book_covers/_works_OL66562W_9278292.jpg,public-domain/unknown,openlibrary,"Elinor, Marianne, and Margaret are taken in by a kindly cousin. Their lack of fortune affects"
/works/OL66544W,Persuasion,Jane Austen,1789,romance,https://covers.openlibrary.org/b/id/12824691-L.jpg,book_covers/_works_OL66544W_12824691.jpg,public-domain/unknown,openlibrary,"Persuasion is Jane Austen's last published book, published posthumously in December of 1818."
/works/OL468488W,This Side of Paradise,F. Scott Fitzgerald,1920,romance,https://covers.openlibrary.org/b/id/8243609-L.jpg,book_covers/_works_OL468488W_8243609.jpg,public-domain/unknown,openlibrary,F. Scott Fitzgerald's romantic and witty first novel was written when the author was only twenty-three years old
/works/OL15450151W,Le Morte d'Arthur,Thomas Malory,1557,romance,https://covers.openlibrary.org/b/id/8231834-L.jpg,book_covers/_works_OL15450151W_8231834.jpg,public-domain/unknown,openlibrary,Le Morte d'Arthur is a 15th-century Middle English prose reworking by Sir Thomas Malory
/works/OL14877871W,The Canterville Ghost,Oscar Wilde,1887,romance,https://covers.openlibrary.org/b/id/6960817-L.jpg,book_covers/_works_OL14877871W_6960817.jpg,public-domain/unknown,openlibrary,"Oscar Wilde's tale is a commentary on the British nobility of the day. The tale, like many of"
/works/OL2564006W,Genji monogatari,Murasaki Shikibu,1900,romance,https://covers.openlibrary.org/b/id/6614001-L.jpg,book_covers/_works_OL2564006W_6614001.jpg,public-domain/unknown,openlibrary,The Tale of Genji was written by Lady Murasaki Shikibu in 978. It was the first novel
/works/OL17453W,She,H. Rider Haggard,1886,romance,https://covers.openlibrary.org/b/id/295537-L.jpg,book_covers/_works_OL17453W_295537.jpg,public-domain/unknown,openlibrary,"With 83 million copies sold by 1965, it is one of the best-selling books of all time. An"
/works/OL66534W,Northanger Abbey,Jane Austen,1818,romance,https://covers.openlibrary.org/b/id/12567961-L.jpg,book_covers/_works_OL66534W_12567961.jpg,public-domain/unknown,openlibrary,Northanger Abbey is both a perfectly aimed literary parody and a withering satire of the commercial aspects of English g
/works/OL66614W,Lady Susan,Jane Austen,1925,romance,https://covers.openlibrary.org/b/id/12641526-L.jpg,book_covers/_works_OL66614W_12641526.jpg,public-domain/unknown,openlibrary,"Lady Susan Vernon seeks an advantageous second marriage for herself, while attempting to push her daughter into a dismal match."
/works/OL21177W,Wuthering Heights,Emily Brontë,1846,romance,https://covers.openlibrary.org/b/id/12818862-L.jpg,book_covers/_works_OL21177W_12818862.jpg,public-domain/unknown,openlibrary,Wuthering Heights is an 1847 novel by Emily Brontë. It concerns two families of the landed
/works/OL962240W,Justine,Marquis de Sade,1900,romance,https://covers.openlibrary.org/b/id/12975462-L.jpg,book_covers/_works_OL962240W_12975462.jpg,public-domain/unknown,openlibrary,"La prosperite du crime est comme la foudre, dont tous les feux trompe"
/works/OL14868510W,Bleak House,Charles Dickens,1850,romance,https://covers.openlibrary.org/b/id/9279273-L.jpg,book_covers/_works_OL14868510W_9279273.jpg,public-domain/unknown,openlibrary,"Bleak House is one of Dickens's most ambitious novels. A savage, but often comic, indictment of a"
/works/OL872773W,Der Steppenwolf,Hermann Hesse,1927,romance,https://covers.openlibrary.org/b/id/3221083-L.jpg,book_covers/_works_OL872773W_3221083.jpg,public-domain/unknown,openlibrary,"A story that focuses on the loneliness and suffering of the protagonist, Harry Haller, who feels that he has"
/works/OL36287W,Le Comte de Monte Cristo,Alexandre Dumas,1830,romance,https://covers.openlibrary.org/b/id/14566393-L.jpg,book_covers/_works_OL36287W_14566393.jpg,public-domain/unknown,openlibrary,
/works/OL38684W,Lord Jim,Joseph Conrad,1900,romance,https://covers.openlibrary.org/b/id/8236295-L.jpg,book_covers/_works_OL38684W_8236295.jpg,public-domain/unknown,openlibrary,"This compact novel, completed in 1900, is at its baseline a book of the sea. An English boy in"
/works/OL98491W,The Age of Innocence,Edith Wharton,1920,romance,https://covers.openlibrary.org/b/id/11196262-L.jpg,book_covers/_works_OL98491W_11196262.jpg,public-domain/unknown,openlibrary,Edith Wharton's most famous novel is a brilliantly realized anatomy of New York society in the 1870s.
/works/OL893707W,Madame Bovary,Gustave Flaubert,1856,romance,https://covers.openlibrary.org/b/id/12993424-L.jpg,book_covers/_works_OL893707W_12993424.jpg,public-domain/unknown,openlibrary,"Charles Bovary, médecin de campagne, veuf d'une mégère"
/works/OL468431W,The Great Gatsby,F. Scott Fitzgerald,1920,romance,https://covers.openlibrary.org/b/id/10590366-L.jpg,book_covers/_works_OL468431W_10590366.jpg,public-domain/unknown,openlibrary,"""Here is a novel, glamorous, ironical, compassionate – a marvelous fusion into unity of the curious inc"
/works/OL1095397W,Shirley,Charlotte Brontë,1800,romance,https://covers.openlibrary.org/b/id/11024634-L.jpg,book_covers/_works_OL1095397W_11024634.jpg,public-domain/unknown,openlibrary,"Shirley is Charlotte Brontë's second novel, published in 1849. It is written in the"
/works/OL362427W,Romeo and Juliet,William Shakespeare,1597,romance,https://covers.openlibrary.org/b/id/8257991-L.jpg,book_covers/_works_OL362427W_8257991.jpg,public-domain/unknown,openlibrary,Romeo and Juliet is a tragedy written by William Shakespeare early in his career. It was among Shakespeare's
/works/OL66554W,Pride and Prejudice,Jane Austen,1813,romance,https://covers.openlibrary.org/b/id/14348537-L.jpg,book_covers/_works_OL66554W_14348537.jpg,public-domain/unknown,openlibrary,Pride and Prejudice is an 1813 novel of manners written by Jane Austen. The novel follows
/works/OL81180W,Lady Chatterley's Lover,D. H. Lawrence,1900,romance,https://covers.openlibrary.org/b/id/12983362-L.jpg,book_covers/_works_OL81180W_12983362.jpg,public-domain/unknown,openlibrary,"Ours is essentially a tragic age, so we refuse to take it tragically. The cataclysm has happened,"
/works/OL176045W,The Woman in White,Wilkie Collins,1860,romance,https://covers.openlibrary.org/b/id/4684227-L.jpg,book_covers/_works_OL176045W_4684227.jpg,public-domain/unknown,openlibrary,The Woman in White is the first and most influential of the Victorian genre that combined Gothic horror with psychological realism.
/works/OL8483260W,Diary of a Wimpy Kid,Jeff Kinney,2002,romance,https://covers.openlibrary.org/b/id/14376136-L.jpg,book_covers/_works_OL8483260W_14376136.jpg,public-domain/unknown,openlibrary,"Greg Heffley is thrust into middle school. Can he and his best friend, Rowley Jefferson, make"
/works/OL29983W,Little Women,Louisa May Alcott,1848,romance,https://covers.openlibrary.org/b/id/8775559-L.jpg,book_covers/_works_OL29983W_8775559.jpg,public-domain/unknown,openlibrary,"Little girls, especially, love following the adventures of the four March sisters. Louisa May Alcotts classic"
/works/OL8763776W,Pickwick Papers,Charles Dickens,1800,romance,https://covers.openlibrary.org/b/id/13130696-L.jpg,book_covers/_works_OL8763776W_13130696.jpg,public-domain/unknown,openlibrary,Dickens’ first novel was originally written and published as a serial. It is a comedy relating the mis
/works/OL1095427W,Jane Eyre,Charlotte Brontë,1847,romance,https://covers.openlibrary.org/b/id/8235363-L.jpg,book_covers/_works_OL1095427W_8235363.jpg,public-domain/unknown,openlibrary,"The novel is set somewhere in the north of England. Jane's childhood at Gateshead Hall, where she is"
/works/OL76835W,Deception Point,Dan Brown,2001,thriller,https://covers.openlibrary.org/b/id/14553479-L.jpg,book_covers/_works_OL76835W_14553479.jpg,public-domain/unknown,openlibrary,Deception Point is a 2001 mystery-thriller novel by American author Dan Brown. It is Brown's
/works/OL76833W,Angels & Demons,Dan Brown,2000,thriller,https://covers.openlibrary.org/b/id/11408459-L.jpg,book_covers/_works_OL76833W_11408459.jpg,public-domain/unknown,openlibrary,Angels & Demons is a 2000 bestselling mystery-thriller novel written by American author Dan Brown. The
/works/OL14873315W,The Lost Symbol,Dan Brown,2009,thriller,https://covers.openlibrary.org/b/id/8373389-L.jpg,book_covers/_works_OL14873315W_8373389.jpg,public-domain/unknown,openlibrary,The Lost Symbol is a 2009 novel written by American writer Dan Brown. It is the third Brown novel to involve
/works/OL85753W,Casino Royale [James Bond (Original Series) #1],Ian Fleming,1953,thriller,https://covers.openlibrary.org/b/id/5540820-L.jpg,book_covers/_works_OL85753W_5540820.jpg,public-domain/unknown,openlibrary,This is the first of Ian Fleming's tales of secret agent 007. Bond is on a mission to neutral
/works/OL262438W,The Sign of Four,Arthur Conan Doyle,1889,thriller,https://covers.openlibrary.org/b/id/9247987-L.jpg,book_covers/_works_OL262438W_9247987.jpg,public-domain/unknown,openlibrary,"The Sign of the Four (1890), also called The Sign of Four, is the second novel featuring Sherlock"
/works/OL76837W,The Da Vinci Code,Dan Brown,2003,thriller,https://covers.openlibrary.org/b/id/9255229-L.jpg,book_covers/_works_OL76837W_9255229.jpg,public-domain/unknown,openlibrary,The Da Vinci Code is a 2003 mystery thriller novel by Dan Brown. It is Brown's second novel to
/works/OL262452W,His Last Bow [8 stories],Arthur Conan Doyle,1917,thriller,https://covers.openlibrary.org/b/id/8243267-L.jpg,book_covers/_works_OL262452W_8243267.jpg,public-domain/unknown,openlibrary,The adventure of Wisteria lodge. The adventure of Bruce-Partington plans. The disappearance of Lady Frances
/works/OL76524W,The Thirty-Nine Steps,John Buchan,1915,thriller,https://covers.openlibrary.org/b/id/93020-L.jpg,book_covers/_works_OL76524W_93020.jpg,public-domain/unknown,openlibrary,Richard Hannay has just returned to England after years in South Africa. But then a murder is committed in his
/works/OL276386W,The Turn of the Screw,Henry James,1898,thriller,https://covers.openlibrary.org/b/id/181493-L.jpg,book_covers/_works_OL276386W_181493.jpg,public-domain/unknown,openlibrary,The governess of two enigmatic children fears their souls are in danger from the ghosts of the previous governess and
/works/OL81626W,Carrie,Stephen King,1974,thriller,https://covers.openlibrary.org/b/id/9256043-L.jpg,book_covers/_works_OL81626W_9256043.jpg,public-domain/unknown,openlibrary,"The story of misfit high-school girl, Carrie White, who gradually discovers that she has telekinetic"
/works/OL262421W,The Adventures of Sherlock Holmes [12 stories],Arthur Conan Doyle,1892,thriller,https://covers.openlibrary.org/b/id/6717853-L.jpg,book_covers/_works_OL262421W_6717853.jpg,public-domain/unknown,openlibrary,"The Adventures of Sherlock Holmes is a collection of twelve short stories by Arthur Conan Doyle, first published on 14 October"
/works/OL472542W,The Secret of Chimneys,Agatha Christie,1925,thriller,https://covers.openlibrary.org/b/id/12996574-L.jpg,book_covers/_works_OL472542W_12996574.jpg,public-domain/unknown,openlibrary,"This novel was published in 1925 by Bodley Head in London, and by Dodd, Mead & Co. in"
/works/OL262454W,The Hound of the Baskervilles,Arthur Conan Doyle,1900,thriller,https://covers.openlibrary.org/b/id/8063264-L.jpg,book_covers/_works_OL262454W_8063264.jpg,public-domain/unknown,openlibrary,The Hound of the Baskervilles is the third of the four Sherlock Holmes novels. Originally serialised in
/works/OL100239W,An American Tragedy,Theodore Dreiser,1900,thriller,https://covers.openlibrary.org/b/id/12728401-L.jpg,book_covers/_works_OL100239W_12728401.jpg,public-domain/unknown,openlibrary,"""Mr. Dreiser is not imitative and belongs to no school. He is at heart a mysticist"
/works/OL471724W,Death on the Nile,Agatha Christie,1937,thriller,https://covers.openlibrary.org/b/id/14066646-L.jpg,book_covers/_works_OL471724W_14066646.jpg,public-domain/unknown,openlibrary,"Linnet Ridgeway ( Linnet Doyle) had been shot through the head. She was young, stylish"
/works/OL472073W,Murder on the Links,Agatha Christie,1923,thriller,https://covers.openlibrary.org/b/id/14582832-L.jpg,book_covers/_works_OL472073W_14582832.jpg,public-domain/unknown,openlibrary, Belgian detective Hercule Poirot is summoned to France after receiving a distressing letter with a urgent cry for
/works/OL76836W,Digital Fortress,Dan Brown,1998,thriller,https://covers.openlibrary.org/b/id/8396115-L.jpg,book_covers/_works_OL76836W_8396115.jpg,public-domain/unknown,openlibrary,Digital Fortress is a techno-thriller novel written by American author Dan Brown. The book explores the theme
/works/OL7966242W,The Pearl,John Steinbeck,1945,thriller,https://covers.openlibrary.org/b/id/9292332-L.jpg,book_covers/_works_OL7966242W_9292332.jpg,public-domain/unknown,openlibrary,
/works/OL14860424W,Rayuela,Julio Cortázar,1963,thriller,https://covers.openlibrary.org/b/id/1047466-L.jpg,book_covers/_works_OL14860424W_1047466.jpg,public-domain/unknown,openlibrary,*Rayuela* es la segunda novela del escritor argentino Julio Cortá
/works/OL244537W,The Art of War,孙武,1900,thriller,https://covers.openlibrary.org/b/id/4849549-L.jpg,book_covers/_works_OL244537W_4849549.jpg,public-domain/unknown,openlibrary,The Art of War is an ancient Chinese military treatise dating from the Late Spring and Autumn Period. The work
/works/OL10834W,Perfume,Patrick Süskind,1985,thriller,https://covers.openlibrary.org/b/id/10910286-L.jpg,book_covers/_works_OL10834W_10910286.jpg,public-domain/unknown,openlibrary,"The novel is set in eighteenth-century France. The main character, Jean-Baptiste Grenouille"
/works/OL471947W,The Big Four,Agatha Christie,1927,thriller,https://covers.openlibrary.org/b/id/12996529-L.jpg,book_covers/_works_OL471947W_12996529.jpg,public-domain/unknown,openlibrary,"""The Big Four"" pursues eliminate the only man who can foil them: Hercule Poirot."
/works/OL471603W,The Mystery of the Blue Train,Agatha Christie,1928,thriller,https://covers.openlibrary.org/b/id/14575533-L.jpg,book_covers/_works_OL471603W_14575533.jpg,public-domain/unknown,openlibrary,American heiress Ruth Kettering is found murdered in her luxury compartment. The rumour of a strange man
/works/OL1418187W,A Princess of Mars,Edgar Rice Burroughs,1917,thriller,https://covers.openlibrary.org/b/id/207226-L.jpg,book_covers/_works_OL1418187W_207226.jpg,public-domain/unknown,openlibrary,"I am a very old man; how old I do not know. Possibly I am a hundred, possibly more"
/works/OL8996439W,Il nome della rosa,Umberto Eco,1980,thriller,https://covers.openlibrary.org/b/id/8598263-L.jpg,book_covers/_works_OL8996439W_8598263.jpg,public-domain/unknown,openlibrary,Frate Guglielmo da Baskerville is sent to investigate seven bizarre deaths in an Italian ab
/works/OL472549W,The Man in the Brown Suit,Agatha Christie,1924,thriller,https://covers.openlibrary.org/b/id/11153508-L.jpg,book_covers/_works_OL472549W_11153508.jpg,public-domain/unknown,openlibrary,Newly-orphaned Anne Beddingfeld is a nice English girl looking for a bit of adventure in
/works/OL1833989W,Le fantôme de l'opéra,Gaston Leroux,1911,thriller,https://covers.openlibrary.org/b/id/8245407-L.jpg,book_covers/_works_OL1833989W_8245407.jpg,public-domain/unknown,openlibrary,"Christine is brought up by her itinerant musician father, whose death she mourns endlessly. She achieves a"
/works/OL455327W,Lord of the Flies,William Golding,1954,thriller,https://covers.openlibrary.org/b/id/8684447-L.jpg,book_covers/_works_OL455327W_8684447.jpg,public-domain/unknown,openlibrary,Lord of the Flies is a 1954 novel by Nobel Prize–winning British author William Golding. The book
/works/OL23797W,The Riddle of the Sands,Erskine Childers,1903,thriller,https://covers.openlibrary.org/b/id/2293974-L.jpg,book_covers/_works_OL23797W_2293974.jpg,public-domain/unknown,openlibrary,Childers' THE RIDDLE OF THE SANDS is considered the first modern spy thriller. The novel
/works/OL2234917W,Whose Body?,Dorothy L. Sayers,1923,thriller,https://covers.openlibrary.org/b/id/8311819-L.jpg,book_covers/_works_OL2234917W_8311819.jpg,public-domain/unknown,openlibrary,"The first of the Lord Peter Wimsey mysteries, in which the suave and witty gentleman foregoes a"
/works/OL471565W,And Then There Were None,Agatha Christie,1939,thriller,https://covers.openlibrary.org/b/id/11172296-L.jpg,book_covers/_works_OL471565W_11172296.jpg,public-domain/unknown,openlibrary,And Then There Were None is a mystery novel by the English writer Agatha Christie. It was first published in
/works/OL471789W,The Secret Adversary,Agatha Christie,1922,thriller,https://covers.openlibrary.org/b/id/14590159-L.jpg,book_covers/_works_OL471789W_14590159.jpg,public-domain/unknown,openlibrary,"Tommy Beresford and Prudence 'Tuppence' Cowley are young, in love… and"
/works/OL183675W,The Castle of Otranto,Horace Walpole,1764,thriller,https://covers.openlibrary.org/b/id/6468730-L.jpg,book_covers/_works_OL183675W_6468730.jpg,public-domain/unknown,openlibrary,"First published pseudonymously in 1764, The Castle of Otranto purported to be a translation of an Italian"
/works/OL39108W,The Secret Agent,Joseph Conrad,1907,thriller,https://covers.openlibrary.org/b/id/8239401-L.jpg,book_covers/_works_OL39108W_8239401.jpg,public-domain/unknown,openlibrary,"The Secret Agent is a novel by Joseph Conrad, first published in 1907. The story is set in London in"
/works/OL1099513W,Voyage au Centre de la Terre,Jules Verne,1867,thriller,https://covers.openlibrary.org/b/id/5890987-L.jpg,book_covers/_works_OL1099513W_5890987.jpg,public-domain/unknown,openlibrary,"Three explorers descend to the center of the earth, where they encounter tumultuous storms, wild prehistoric animals, and fierce"
/works/OL262426W,The Case-Book of Sherlock Holmes,Arthur Conan Doyle,1927,thriller,https://covers.openlibrary.org/b/id/8350410-L.jpg,book_covers/_works_OL262426W_8350410.jpg,public-domain/unknown,openlibrary,The Adventure Of The Mazarin Stone. The Adventure of the Three Gables. The Problem of Thor Bridge.
/works/OL74504W,White Fang,Jack London,1905,thriller,https://covers.openlibrary.org/b/id/8236920-L.jpg,book_covers/_works_OL74504W_8236920.jpg,public-domain/unknown,openlibrary,"The story of a wolf/dog cross, who is raised by Indians, and becomes a deadly fighter."
/works/OL1099280W,Vingt mille lieues sous les mers,Jules Verne,1870,thriller,https://covers.openlibrary.org/b/id/6573517-L.jpg,book_covers/_works_OL1099280W_6573517.jpg,public-domain/unknown,openlibrary,"A nineteenth-century science fiction tale of an electric submarine, its eccentric captain, and undersea world. The"
/works/OL1100007W,Le Tour du Monde en Quatre-Vingts Jours,Jules Verne,1872,thriller,https://covers.openlibrary.org/b/id/6976035-L.jpg,book_covers/_works_OL1100007W_6976035.jpg,public-domain/unknown,openlibrary,"Phileas Fogg, a very punctual man had broken into an argument while conversing about the recent"
/works/OL262477W,The Return of Sherlock Holmes,Arthur Conan Doyle,1903,thriller,https://covers.openlibrary.org/b/id/9246467-L.jpg,book_covers/_works_OL262477W_9246467.jpg,public-domain/unknown,openlibrary,"The Return of Sherlock Holmes is a 1905 collection of 13 Sherlock Holmes stories, originally published in 1903–1904"
/works/OL24166W,Kidnapped,Robert Louis Stevenson,1886,thriller,https://covers.openlibrary.org/b/id/8267822-L.jpg,book_covers/_works_OL24166W_8267822.jpg,public-domain/unknown,openlibrary,KIDNAPPED is an adventure story that has become the model for any thriller of escape and suspense.
/works/OL20844W,The Red Badge of Courage,Stephen Crane,1855,thriller,https://covers.openlibrary.org/b/id/8236915-L.jpg,book_covers/_works_OL20844W_8236915.jpg,public-domain/unknown,openlibrary,The Red Badge of Courage is a war novel by American author Stephen Crane (1871-1900) It is
/works/OL1960472W,The Science Fiction Hall of Fame -- Volume One,Robert Silverberg,1970,science fiction,https://covers.openlibrary.org/b/id/6941459-L.jpg,book_covers/_works_OL1960472W_6941459.jpg,public-domain/unknown,openlibrary,The greatest science fiction stories of all time chosen by the members of the Science Fiction Writers of America.
/works/OL46125W,Foundation,Isaac Asimov,1951,science fiction,https://covers.openlibrary.org/b/id/14612610-L.jpg,book_covers/_works_OL46125W_14612610.jpg,public-domain/unknown,openlibrary,"The Foundation novels of Isaac Asimov are unsurpassed for their unique blend of nonstop action, daring ideas"
/works/OL450124W,The Last Man,Mary Shelley,1826,science fiction,https://covers.openlibrary.org/b/id/882662-L.jpg,book_covers/_works_OL450124W_882662.jpg,public-domain/unknown,openlibrary,Shelley wrote The Last Man in 1826. It tells the story of our world standing at the end
/works/OL59688W,Stranger in a Strange Land,Robert A. Heinlein,1961,science fiction,https://covers.openlibrary.org/b/id/14630668-L.jpg,book_covers/_works_OL59688W_14630668.jpg,public-domain/unknown,openlibrary, Stranger in a Strange Land is a 1961 science fiction novel by American author Robert A. Heinlein. It tells
/works/OL893415W,Dune,Frank Herbert,1965,science fiction,https://covers.openlibrary.org/b/id/11481354-L.jpg,book_covers/_works_OL893415W_11481354.jpg,public-domain/unknown,openlibrary,"Set on the desert planet Arrakis, Dune is the story of the boy Paul Atreides."
/works/OL10215W,Мы,Евгений Иванович Замятин,1924,science fiction,https://covers.openlibrary.org/b/id/5484189-L.jpg,book_covers/_works_OL10215W_5484189.jpg,public-domain/unknown,openlibrary,"D-503, a spacecraft engineer, lives in the One State, an urban nation constructed almost entirely of glass"
/works/OL38494W,Cryptonomicon,Neal Stephenson,1999,science fiction,https://covers.openlibrary.org/b/id/6424001-L.jpg,book_covers/_works_OL38494W_6424001.jpg,public-domain/unknown,openlibrary,"In 1942, Lawrence Pritchard Waterhouse - mathematical genius and young Captain in the US Navy - is assigned"
/works/OL2172454W,Ubik,Philip K. Dick,1969,science fiction,https://covers.openlibrary.org/b/id/5018327-L.jpg,book_covers/_works_OL2172454W_5018327.jpg,public-domain/unknown,openlibrary,"Philip K. Dick's Ubik is a mind-bending, classic novel about the perception of reality."
/works/OL35627W,Wild seed,Octavia E. Butler,1980,science fiction,https://covers.openlibrary.org/b/id/288149-L.jpg,book_covers/_works_OL35627W_288149.jpg,public-domain/unknown,openlibrary,Doro is an entity who changes bodies like clothes. He fears no one--until he meets Anyanwu
/works/OL46309W,Second Foundation,Isaac Asimov,1953,science fiction,https://covers.openlibrary.org/b/id/9261324-L.jpg,book_covers/_works_OL46309W_9261324.jpg,public-domain/unknown,openlibrary,"After years of struggle, the Foundation lay in ruins -- destroyed by the mutant mind power of the Mule."
/works/OL59849W,The language of the night,Ursula K. Le Guin,1979,science fiction,https://covers.openlibrary.org/b/id/4437200-L.jpg,book_covers/_works_OL59849W_4437200.jpg,public-domain/unknown,openlibrary,"A collection of twenty-four essays concerned with writing in general, the field of fantasy and science fiction, and"
/works/OL103128W,The Illustrated Man,Ray Bradbury,1901,science fiction,https://covers.openlibrary.org/b/id/9345484-L.jpg,book_covers/_works_OL103128W_9345484.jpg,public-domain/unknown,openlibrary,The Illustrated Man is a 1951 collection of eighteen science fiction short stories by American writer Ray Bradbury. It was
/works/OL103134W,The Martian Chronicles,Ray Bradbury,1950,science fiction,https://covers.openlibrary.org/b/id/9346537-L.jpg,book_covers/_works_OL103134W_9346537.jpg,public-domain/unknown,openlibrary,"This is a collection of science fiction short stories, cleverly cobbled together to form a coherent and very readable"
/works/OL110971W,Ficciones,Jorge Luis Borges,1945,science fiction,https://covers.openlibrary.org/b/id/10832290-L.jpg,book_covers/_works_OL110971W_10832290.jpg,public-domain/unknown,openlibrary,A collection of his short stories in which Borges often uses the labyrinth as a literary device to expound his
/works/OL103123W,Fahrenheit 451,Ray Bradbury,1953,science fiction,https://covers.openlibrary.org/b/id/12993656-L.jpg,book_covers/_works_OL103123W_12993656.jpg,public-domain/unknown,openlibrary,Fahrenheit 451 is a 1953 dystopian novel by American writer Ray Bradbury. The novel presents a future American
/works/OL52260W,The First Men in the Moon,H. G. Wells,1900,science fiction,https://covers.openlibrary.org/b/id/8081288-L.jpg,book_covers/_works_OL52260W_8081288.jpg,public-domain/unknown,openlibrary,"Mr Bedford meets Dr Cavor, an absent-minded scientist on the brink of developing a material that blocks gravity"
/works/OL25595002W,"Mary Shelley's Frankenstein; or, the Modern Prometheus (1818 text)",Mary Shelley,1818,science fiction,https://covers.openlibrary.org/b/id/7267770-L.jpg,book_covers/_works_OL25595002W_7267770.jpg,public-domain/unknown,openlibrary,This is the original edition which was published in 3 volumes. The cover photograph is of Volume 1.
/works/OL46390W,The Foundation Trilogy,Isaac Asimov,1950,science fiction,https://covers.openlibrary.org/b/id/6502517-L.jpg,book_covers/_works_OL46390W_6502517.jpg,public-domain/unknown,openlibrary,Isaac Asimov's Foundation novels are some of the great masterworks of science fiction. Unsurpassed
/works/OL273080W,To your scattered bodies go,Philip José Farmer,1971,science fiction,https://covers.openlibrary.org/b/id/382159-L.jpg,book_covers/_works_OL273080W_382159.jpg,public-domain/unknown,openlibrary,"Every human who ever lived, from the earliest Neanderthals to the present, is resurrected after death on the"
/works/OL52151W,When the Sleeper Awakes,H. G. Wells,1899,science fiction,https://covers.openlibrary.org/b/id/574886-L.jpg,book_covers/_works_OL52151W_574886.jpg,public-domain/unknown,openlibrary,"A troubled insomniac in 1890s England falls suddenly into a sleep-like trance, from which he"
/works/OL46224W,Foundation and Empire,Isaac Asimov,1945,science fiction,https://covers.openlibrary.org/b/id/9300695-L.jpg,book_covers/_works_OL46224W_9300695.jpg,public-domain/unknown,openlibrary,The Foundation has survived the greed and barbarism of its neighboring warrior-planets. Now it must face the
/works/OL27258W,Neuromancer,William Gibson,1984,science fiction,https://covers.openlibrary.org/b/id/283860-L.jpg,book_covers/_works_OL27258W_283860.jpg,public-domain/unknown,openlibrary,"The first of William Gibson's Sprawl trilogy, *Neuromancer* is the classic cyberpunk novel"
/works/OL39379W,A Room of One's Own,Virginia Woolf,1929,science fiction,https://covers.openlibrary.org/b/id/6559057-L.jpg,book_covers/_works_OL39379W_6559057.jpg,public-domain/unknown,openlibrary,"A Room of One's Own is an extended essay by Virginia Woolf. First published on 24 October 1929,"
/works/OL450063W,Frankenstein or The Modern Prometheus,Mary Shelley,1818,science fiction,https://covers.openlibrary.org/b/id/12356249-L.jpg,book_covers/_works_OL450063W_12356249.jpg,public-domain/unknown,openlibrary,"Shelley started writing the story when she was 18, and the first edition was published anonymously in London on"
/works/OL80609W,Du contrat social,Jean-Jacques Rousseau,1762,science fiction,https://covers.openlibrary.org/b/id/6581958-L.jpg,book_covers/_works_OL80609W_6581958.jpg,public-domain/unknown,openlibrary,The Social Contract is a 1762 French-language book by the Genevan philosopher Jean-Jacques Rousseau
/works/OL381550W,The Island of Dr. Moreau,H. G. Wells,1896,science fiction,https://covers.openlibrary.org/b/id/968312-L.jpg,book_covers/_works_OL381550W_968312.jpg,public-domain/unknown,openlibrary,H. G. Wells' The Island of Dr. Moreau is one of the most famous novels of all
/works/OL505781W,Of Human Bondage,William Somerset Maugham,1915,science fiction,https://covers.openlibrary.org/b/id/5277723-L.jpg,book_covers/_works_OL505781W_5277723.jpg,public-domain/unknown,openlibrary,"Of Human Bondage is a moving exploration of loneliness, obsessive love, and a young man's search for meaning"
/works/OL151515W,La Poetica,Aristotle,1479,science fiction,https://covers.openlibrary.org/b/id/129771-L.jpg,book_covers/_works_OL151515W_129771.jpg,public-domain/unknown,openlibrary,
/works/OL731737W,Anthem,Ayn Rand,1936,science fiction,https://covers.openlibrary.org/b/id/802982-L.jpg,book_covers/_works_OL731737W_802982.jpg,public-domain/unknown,openlibrary,Anthem is a tale of a future dark age of the great ‘we’ – a world that
/works/OL49488W,Ender's Game,Orson Scott Card,1985,science fiction,https://covers.openlibrary.org/b/id/12996033-L.jpg,book_covers/_works_OL49488W_12996033.jpg,public-domain/unknown,openlibrary,Ender's Game is a 1985 military science fiction novel by American author Orson Scott Card. Set at an
/works/OL1168083W,Nineteen Eighty-Four,George Orwell,1949,science fiction,https://covers.openlibrary.org/b/id/9267242-L.jpg,book_covers/_works_OL1168083W_9267242.jpg,public-domain/unknown,openlibrary,The novel was published on 8 June 1949 by Secker & Warburg. It was George Orwell's ninth and
/works/OL267096W,Anna Karenina,Лев Толстой,1876,science fiction,https://covers.openlibrary.org/b/id/2560652-L.jpg,book_covers/_works_OL267096W_2560652.jpg,public-domain/unknown,openlibrary,"Anna Karenina tells of the doomed love affair between the sensuous and rebellious Anna and the dashing officer,"
/works/OL2163649W,The Hitch Hiker's Guide to the Galaxy,Douglas Adams,1979,science fiction,https://covers.openlibrary.org/b/id/12986869-L.jpg,book_covers/_works_OL2163649W_12986869.jpg,public-domain/unknown,openlibrary,The novel is an adaptation of the first four parts of Adams's radio series of the same name. It was
/works/OL5735363W,The Hunger Games,Suzanne Collins,2008,science fiction,https://covers.openlibrary.org/b/id/12646537-L.jpg,book_covers/_works_OL5735363W_12646537.jpg,public-domain/unknown,openlibrary,The Hunger Games is a 2008 dystopian novel by Suzanne Collins. It is written in the perspective of Katniss
/works/OL472458W,A Caribbean Mystery,Agatha Christie,1964,mystery,https://covers.openlibrary.org/b/id/14578132-L.jpg,book_covers/_works_OL472458W_14578132.jpg,public-domain/unknown,openlibrary,"As Miss Marple sat basking in the Caribbean sunshine, she felt mildly discontented with life. Eventually,"
/works/OL472572W,Murder in Mesopotamia,Agatha Christie,1936,mystery,https://covers.openlibrary.org/b/id/12855104-L.jpg,book_covers/_works_OL472572W_12855104.jpg,public-domain/unknown,openlibrary,Nurse Amy Leatheran is sent to Hassanieh to care for the wife of a celebrated archaeologist.
/works/OL472526W,The Hollow,Agatha Christie,1946,mystery,https://covers.openlibrary.org/b/id/13679064-L.jpg,book_covers/_works_OL472526W_13679064.jpg,public-domain/unknown,openlibrary,The complete guide to all the cases of the great Belgian detective. E-book exclusive extras: Christie biographer
/works/OL472250W,Sleeping Murder,Agatha Christie,1940,mystery,https://covers.openlibrary.org/b/id/10247294-L.jpg,book_covers/_works_OL472250W_10247294.jpg,public-domain/unknown,openlibrary,Sleeping Murder chronicles Miss Marple’s final case. Although Agatha Christie wrote it before
/works/OL471666W,Five Little Pigs,Agatha Christie,1942,mystery,https://covers.openlibrary.org/b/id/14578138-L.jpg,book_covers/_works_OL471666W_14578138.jpg,public-domain/unknown,openlibrary,"Caroline Crale has been convicted of the murder of her husband, Amyas Crale. Her daughter,"
/works/OL472324W,Death in the Clouds,Agatha Christie,1935,mystery,https://covers.openlibrary.org/b/id/11433305-L.jpg,book_covers/_works_OL472324W_11433305.jpg,public-domain/unknown,openlibrary,Hercule Poirot is almost ideally placed to observe his fellow air travelers on this short flight from Paris
/works/OL471871W,They Do It with Mirrors,Agatha Christie,1952,mystery,https://covers.openlibrary.org/b/id/10249524-L.jpg,book_covers/_works_OL471871W_10249524.jpg,public-domain/unknown,openlibrary,A sense of danger pervades the rambling Victorian mansion in which Jane Marple’s friend Carrie Louise
/works/OL54158W,The Mysterious Stranger,Mark Twain,1916,mystery,https://covers.openlibrary.org/b/id/9173884-L.jpg,book_covers/_works_OL54158W_9173884.jpg,public-domain/unknown,openlibrary," Twain wrote multiple versions of the story; each involves a supernatural character called ""Satan"" or ""No."
/works/OL472165W,Peril at End House,Agatha Christie,1932,mystery,https://covers.openlibrary.org/b/id/12996556-L.jpg,book_covers/_works_OL472165W_12996556.jpg,public-domain/unknown,openlibrary,Nick Buckley has been leading an unusual life of late. Hercule Poirot decides that the girl needs his
/works/OL471664W,The Sittaford Mystery,Agatha Christie,1931,mystery,https://covers.openlibrary.org/b/id/13151831-L.jpg,book_covers/_works_OL471664W_13151831.jpg,public-domain/unknown,openlibrary,M-U-R-D-E-R. It began as an innocent parlor game intended to
/works/OL472049W,Evil Under the Sun,Agatha Christie,1941,mystery,https://covers.openlibrary.org/b/id/13671433-L.jpg,book_covers/_works_OL472049W_13671433.jpg,public-domain/unknown,openlibrary,"Evil Under the Sun is one of Agatha Christie's most intriguing mysteries. Set at the Jolly Roger, a"
/works/OL471771W,A Murder Is Announced,Agatha Christie,1950,mystery,https://covers.openlibrary.org/b/id/14578204-L.jpg,book_covers/_works_OL471771W_14578204.jpg,public-domain/unknown,openlibrary,"A murder is announced and will take place on Friday October 29th, at Little Paddocks at 6:"
/works/OL471940W,Poirot investigates,Agatha Christie,1924,mystery,https://covers.openlibrary.org/b/id/13670505-L.jpg,book_covers/_works_OL471940W_13670505.jpg,public-domain/unknown,openlibrary,"In published order, the first 10 Christie mystery books featuring Poirot are: 1) The Mysterious Affair"
/works/OL471637W,Cards on the Table,Agatha Christie,1936,mystery,https://covers.openlibrary.org/b/id/6469172-L.jpg,book_covers/_works_OL471637W_6469172.jpg,public-domain/unknown,openlibrary,"Four sleuths -- Superintendent Battle of Scotland Yard, Mrs. Ariadne Oliver, Col. Race of"
/works/OL471943W,After the Funeral,Agatha Christie,1953,mystery,https://covers.openlibrary.org/b/id/12996535-L.jpg,book_covers/_works_OL471943W_12996535.jpg,public-domain/unknown,openlibrary,"Cora was heard to say: 'It's been hushed up very nicely, hasn't it?' The"
/works/OL471895W,The Murder at the Vicarage,Agatha Christie,1930,mystery,https://covers.openlibrary.org/b/id/12996560-L.jpg,book_covers/_works_OL471895W_12996560.jpg,public-domain/unknown,openlibrary,Murder at the Vicarage (1930) is the first Miss Marple mystery book by Agatha
/works/OL471765W,Murder in Three Acts,Agatha Christie,1934,mystery,https://covers.openlibrary.org/b/id/6874620-L.jpg,book_covers/_works_OL471765W_6874620.jpg,public-domain/unknown,openlibrary,Sir Charles Cartwright should have known better than to allow thirteen guests to sit down for dinner. At the end
/works/OL471776W,Elephants Can Remember,Agatha Christie,1969,mystery,https://covers.openlibrary.org/b/id/11165070-L.jpg,book_covers/_works_OL471776W_11165070.jpg,public-domain/unknown,openlibrary,Elephants Can Remember by Hercule Poirot is the complete guide to all the cases of the great
/works/OL471767W,Lord Edgware Dies,Agatha Christie,1933,mystery,https://covers.openlibrary.org/b/id/9492111-L.jpg,book_covers/_works_OL471767W_9492111.jpg,public-domain/unknown,openlibrary,Poirot was present when Jane bragged of her plan to 'get rid of' her estranged husband.
/works/OL471990W,The Mirror Crack'd from Side to Side,Agatha Christie,1960,mystery,https://covers.openlibrary.org/b/id/10561150-L.jpg,book_covers/_works_OL471990W_10561150.jpg,public-domain/unknown,openlibrary,The quaint village of St Mary Mead has been glamourized by the presence of screen queen Marina Gregg. When
/works/OL471667W,Appointment with Death,Agatha Christie,1938,mystery,https://covers.openlibrary.org/b/id/14561660-L.jpg,book_covers/_works_OL471667W_14561660.jpg,public-domain/unknown,openlibrary,An english family headed by a bullying overbearing mother is murdered. Suspicion falls on members of the family
/works/OL471784W,The Seven Dials Mystery,Agatha Christie,1929,mystery,https://covers.openlibrary.org/b/id/14575632-L.jpg,book_covers/_works_OL471784W_14575632.jpg,public-domain/unknown,openlibrary,The Seven Dials Mystery by P.G. Wodehouse. Brings back several characters from an earlier
/works/OL471905W,The Moving Finger,Agatha Christie,1942,mystery,https://covers.openlibrary.org/b/id/13672855-L.jpg,book_covers/_works_OL471905W_13672855.jpg,public-domain/unknown,openlibrary,The placid village of Lymstock seems the perfect place for Jerry Burton to recuperate from his accident
/works/OL265415W,At Bertram's Hotel,Agatha Christie,1965,mystery,https://covers.openlibrary.org/b/id/6379981-L.jpg,book_covers/_works_OL265415W_6379981.jpg,public-domain/unknown,openlibrary,Bertram’s Hotel is not quite as reputable as it makes out. An eccentric guest makes his
/works/OL471610W,The Body in the Library,Agatha Christie,1942,mystery,https://covers.openlibrary.org/b/id/12855259-L.jpg,book_covers/_works_OL471610W_12855259.jpg,public-domain/unknown,openlibrary,The Bantrys discover the body of a young woman in their library. But who is she? How did
/works/OL471932W,The Murder of Roger Ackroyd,Agatha Christie,1926,mystery,https://covers.openlibrary.org/b/id/13151356-L.jpg,book_covers/_works_OL471932W_13151356.jpg,public-domain/unknown,openlibrary, Belgian Inspector Hercule Poirot has retired to the countryside in the small English village of King's Abbot
/works/OL471509W,The A.B.C. Murders,Agatha Christie,1936,mystery,https://covers.openlibrary.org/b/id/14573514-L.jpg,book_covers/_works_OL471509W_14573514.jpg,public-domain/unknown,openlibrary,"There's a serial killer on the loose, bent on working his way through the alphabet. There seems little chance"
/works/OL471670W,The Clocks,Agatha Christie,1963,mystery,https://covers.openlibrary.org/b/id/12996554-L.jpg,book_covers/_works_OL471670W_12996554.jpg,public-domain/unknown,openlibrary,"Sheila Webb, typist-for-hire, has arrived at 19 Wilbraham Crescent in Crowde"
/works/OL472594W,Nemesis,Agatha Christie,1970,mystery,https://covers.openlibrary.org/b/id/10249139-L.jpg,book_covers/_works_OL472594W_10249139.jpg,public-domain/unknown,openlibrary,Nemesis is the last Jane Marple mystery that Agatha Christie wrote. It is also the last Mar
/works/OL1099915W,L'Île mystérieuse,Jules Verne,1870,mystery,https://covers.openlibrary.org/b/id/1277096-L.jpg,book_covers/_works_OL1099915W_1277096.jpg,public-domain/unknown,openlibrary,"This sequel to ""20,000 Leagues Under The Sea"" doesn't advertise itself as such. Most of"
/works/OL472470W,Curtain,Agatha Christie,1975,mystery,https://covers.openlibrary.org/b/id/12387503-L.jpg,book_covers/_works_OL472470W_12387503.jpg,public-domain/unknown,openlibrary,"Hercule Poirot returns to Styles, the venue of his first investigation, where he knows another murder"
/works/OL472189W,Dumb Witness,Agatha Christie,1937,mystery,https://covers.openlibrary.org/b/id/14578123-L.jpg,book_covers/_works_OL472189W_14578123.jpg,public-domain/unknown,openlibrary,Emily Arundel changed her will only days before her death. Hercule Poirot must determine which
/works/OL471891W,Crooked House,Agatha Christie,1949,mystery,https://covers.openlibrary.org/b/id/14570595-L.jpg,book_covers/_works_OL471891W_14570595.jpg,public-domain/unknown,openlibrary,Christie always acknowledged this novel as one of her favourites. She said in an interview in The Sunday Times that
/works/OL471500W,4:50 from Paddington,Agatha Christie,1957,mystery,https://covers.openlibrary.org/b/id/13151352-L.jpg,book_covers/_works_OL471500W_13151352.jpg,public-domain/unknown,openlibrary,"Agatha Christie’s audacious mystery thriller, reissued with a striking new cover designed to appeal to"
/works/OL471832W,Hallowe'en Party,Agatha Christie,1969,mystery,https://covers.openlibrary.org/b/id/11160095-L.jpg,book_covers/_works_OL471832W_11160095.jpg,public-domain/unknown,openlibrary,Mystery writer Ariadne Oliver has been invited to a Hallowe’en party at Woodleigh Common
/works/OL80947W,The Daughter of Time,Josephine Tey,1951,mystery,https://covers.openlibrary.org/b/id/6485299-L.jpg,book_covers/_works_OL80947W_6485299.jpg,public-domain/unknown,openlibrary,"The Daughter of Time is an ingeniously plotted, beautifully written, and supreme achievement from one of mystery writing�"
/works/OL472536W,Third Girl,Agatha Christie,1966,mystery,https://covers.openlibrary.org/b/id/14577913-L.jpg,book_covers/_works_OL472536W_14577913.jpg,public-domain/unknown,openlibrary,Three young women share a London flat. The first is a coolly efficient personal secretary; the second an artist
/works/OL66059W,The book of the damned,Charles Fort,1919,mystery,https://covers.openlibrary.org/b/id/825884-L.jpg,book_covers/_works_OL66059W_825884.jpg,public-domain/unknown,openlibrary,The Book of the Damned was the first published nonfiction work of the author Charles Fort (first edition 1919
/works/OL471841W,Hercule Poirot's Christmas,Agatha Christie,1939,mystery,https://covers.openlibrary.org/b/id/12855074-L.jpg,book_covers/_works_OL471841W_12855074.jpg,public-domain/unknown,openlibrary,"On the night before Christmas, cruel, tyrannical, filthy rich Simeon Lee is found in his locked"
/works/OL471576W,Murder on the Orient Express,Agatha Christie,1933,mystery,https://covers.openlibrary.org/b/id/11100465-L.jpg,book_covers/_works_OL471576W_11100465.jpg,public-domain/unknown,openlibrary,Murder on the Orient Express is one of Agatha Christie’s most famous novels. A wealthy American
/works/OL476846W,The Red House Mystery,A. A. Milne,1922,mystery,https://covers.openlibrary.org/b/id/6299936-L.jpg,book_covers/_works_OL476846W_6299936.jpg,public-domain/unknown,openlibrary,"This is probably one of the top classics of ""golden age"" detective fiction. Raymond Chandler wrote about it"
/works/OL471702W,"One, Two, Buckle My Shoe",Agatha Christie,1940,mystery,https://covers.openlibrary.org/b/id/14586349-L.jpg,book_covers/_works_OL471702W_14586349.jpg,public-domain/unknown,openlibrary,The dentist was found with a blackened hole below his right temple. A pistol lay on the floor near his
